date,ticker,foreign_net_buy,foreign_net_sell,foreign_net_value
2022-04-11,GOTO.JK,351486461189.26,358998437115.11,-7511975925.85
2022-04-12,GOTO.JK,66925384917.0,153554173372.93,-86628788455.92
2022-04-13,GOTO.JK,122766021507.12,87601296752.75,35164724754.36
2022-04-14,GOTO.JK,176831842322.03,137263150881.73,39568691440.3
2022-04-18,GOTO.JK,56709055465.08,47102400919.86,9606654545.22
2022-04-19,GOTO.JK,47493651742.9,226027956407.77,-178534304664.88
2022-04-20,GOTO.JK,77890780858.34,332692835071.07,-254802054212.74
2022-04-21,GOTO.JK,88599969326.95,76346070627.66,12253898699.29
2022-04-22,GOTO.JK,202244078366.63,199231605046.56,3012473320.07
2022-04-25,GOTO.JK,64452651362.16,175130760840.4,-110678109478.24
2022-04-26,GOTO.JK,19936142332.99,95286411883.36,-75350269550.37
2022-04-27,GOTO.JK,30251389239.63,187015265528.23,-156763876288.6
2022-04-28,GOTO.JK,10362996394.55,72320741698.18,-61957745303.64
2022-05-09,GOTO.JK,2756017805.99,16732146216.43,-13976128410.44
2022-05-10,GOTO.JK,1315076418.81,6733674356.21,-5418597937.4
2022-05-11,GOTO.JK,29867588096.84,178108677867.77,-148241089770.94
2022-05-12,GOTO.JK,1659688878.84,9960403110.94,-8300714232.11
2022-05-13,GOTO.JK,1928208022.06,20985123747.67,-19056915725.61
2022-05-17,GOTO.JK,153597154055.86,57867461607.61,95729692448.25
2022-05-18,GOTO.JK,422962139698.66,0.0,422962139698.66
2022-05-19,GOTO.JK,265204683544.01,10535542069.73,254669141474.27
2022-05-20,GOTO.JK,429466480311.53,14355334241.17,415111146070.36
2022-05-23,GOTO.JK,51834105261.06,115973974336.2,-64139869075.13
2022-05-24,GOTO.JK,134666659187.95,71322625987.46,63344033200.49
2022-05-25,GOTO.JK,118682109590.37,97968160410.84,20713949179.53
2022-05-27,GOTO.JK,162041980046.4,88937616885.35,73104363161.05
2022-05-30,GOTO.JK,228075257701.12,197239712075.01,30835545626.11
2022-05-31,GOTO.JK,36335889773.05,106098002187.48,-69762112414.43
2022-06-02,GOTO.JK,210094597275.49,1389822145.55,208704775129.94
2022-06-03,GOTO.JK,291655344073.39,134174922161.97,157480421911.42
2022-06-06,GOTO.JK,27718336019.68,178791872082.98,-151073536063.3
2022-06-07,GOTO.JK,737051544711.16,35896233759.85,701155310951.3
2022-06-08,GOTO.JK,720836887682.44,247927408499.81,472909479182.63
2022-06-09,GOTO.JK,266067558440.17,176398086634.36,89669471805.81
2022-06-10,GOTO.JK,252977850762.86,226706941544.24,26270909218.62
2022-06-13,GOTO.JK,127549664139.64,85559102676.92,41990561462.72
2022-06-14,GOTO.JK,326335909072.21,141004256903.26,185331652168.95
2022-06-15,GOTO.JK,214426019766.41,159117428467.72,55308591298.69
2022-06-16,GOTO.JK,65570221079.82,139796146092.62,-74225925012.81
2022-06-17,GOTO.JK,16358919738.65,148993521765.29,-132634602026.64
2022-06-20,GOTO.JK,160213433541.77,123702543721.52,36510889820.25
2022-06-21,GOTO.JK,85262873947.27,38220911461.42,47041962485.85
2022-06-22,GOTO.JK,77324899530.55,67367382224.43,9957517306.12
2022-06-23,GOTO.JK,61414321122.63,64602565755.43,-3188244632.8
2022-06-24,GOTO.JK,228460340040.15,75697452234.94,152762887805.22
2022-06-27,GOTO.JK,40937251266.97,43016815286.06,-2079564019.08
2022-06-28,GOTO.JK,62900314966.71,76964546497.87,-14064231531.16
2022-06-29,GOTO.JK,62118621414.7,75658983175.64,-13540361760.94
2022-06-30,GOTO.JK,41398611562.84,50972886387.45,-9574274824.61
2022-07-01,GOTO.JK,11633013840.26,35465020561.16,-23832006720.9
2022-07-04,GOTO.JK,4979988277.82,59098743185.22,-54118754907.4
2022-07-05,GOTO.JK,23924667485.65,68353195295.88,-44428527810.22
2022-07-06,GOTO.JK,32365473999.35,85426195917.71,-53060721918.36
2022-07-07,GOTO.JK,72211803504.97,19293705604.86,52918097900.11
2022-07-08,GOTO.JK,52243917092.04,17125486443.19,35118430648.85
2022-07-11,GOTO.JK,28968844115.84,72674534033.39,-43705689917.54
2022-07-12,GOTO.JK,19578536061.87,40075921030.75,-20497384968.88
2022-07-13,GOTO.JK,20033178205.92,31179412149.62,-11146233943.69
2022-07-14,GOTO.JK,66385276238.04,33994336155.02,32390940083.01
2022-07-15,GOTO.JK,29660198294.58,90258969493.78,-60598771199.21
2022-07-18,GOTO.JK,10978190252.06,87643879850.89,-76665689598.83
2022-07-19,GOTO.JK,42664755069.98,27561665823.64,15103089246.34
2022-07-20,GOTO.JK,42001002315.81,26278434962.31,15722567353.5
2022-07-21,GOTO.JK,5916681755.04,11785067414.8,-5868385659.76
2022-07-22,GOTO.JK,20419894617.4,8124118753.94,12295775863.45
2022-07-25,GOTO.JK,13855376562.35,30191549506.21,-16336172943.86
2022-07-26,GOTO.JK,14917505607.76,36746271488.01,-21828765880.25
2022-07-27,GOTO.JK,15574971496.48,13456927361.41,2118044135.07
2022-07-28,GOTO.JK,130992474311.74,29622599685.17,101369874626.56
2022-07-29,GOTO.JK,11438025508.68,34798685612.77,-23360660104.09
2022-08-01,GOTO.JK,20728174729.06,65629906768.26,-44901732039.2
2022-08-02,GOTO.JK,20253218445.6,19000801433.37,1252417012.24
2022-08-03,GOTO.JK,33346547057.04,14512168933.83,18834378123.21
2022-08-04,GOTO.JK,37730967811.8,39910315772.39,-2179347960.59
2022-08-05,GOTO.JK,14625350079.0,14423390150.12,201959928.88
2022-08-08,GOTO.JK,18580958901.35,57951086527.38,-39370127626.04
2022-08-09,GOTO.JK,10691647569.03,13861246748.4,-3169599179.36
2022-08-10,GOTO.JK,16069792957.09,14760341222.89,1309451734.2
2022-08-11,GOTO.JK,53415287563.98,9670643981.88,43744643582.1
2022-08-12,GOTO.JK,11494962177.73,17304499467.54,-5809537289.8
2022-08-15,GOTO.JK,14975905286.63,12001381401.6,2974523885.03
2022-08-16,GOTO.JK,158699188291.33,12942474767.47,145756713523.87
2022-08-18,GOTO.JK,89654906465.49,26625789803.04,63029116662.45
2022-08-19,GOTO.JK,56595172225.89,48687382948.97,7907789276.92
2022-08-22,GOTO.JK,12203435603.06,38949406324.66,-26745970721.59
2022-08-23,GOTO.JK,15362028076.07,7838649715.04,7523378361.03
2022-08-24,GOTO.JK,13210338465.92,10041729791.65,3168608674.28
2022-08-25,GOTO.JK,17053386600.13,19068514728.71,-2015128128.58
2022-08-26,GOTO.JK,3594921650.5,7542707088.67,-3947785438.17
2022-08-29,GOTO.JK,13607844457.06,10075548619.95,3532295837.11
2022-08-30,GOTO.JK,19401235127.44,12911441656.99,6489793470.45
2022-08-31,GOTO.JK,5601570231.2,64372188273.97,-58770618042.77
2022-09-01,GOTO.JK,15225605074.55,50346888373.45,-35121283298.91
2022-09-02,GOTO.JK,20101039301.27,37120600518.97,-17019561217.7
2022-09-05,GOTO.JK,8844217387.81,10675103049.11,-1830885661.3
2022-09-06,GOTO.JK,21384953673.91,24200068740.59,-2815115066.68
2022-09-07,GOTO.JK,52753199212.5,43579470010.87,9173729201.63
2022-09-08,GOTO.JK,24543327148.08,15556024592.04,8987302556.05
2022-09-09,GOTO.JK,24845311795.55,32421069111.85,-7575757316.3
2022-09-12,GOTO.JK,16545241772.21,26579227197.46,-10033985425.25
2022-09-13,GOTO.JK,30519787108.77,39848235543.84,-9328448435.07
2022-09-14,GOTO.JK,32701697709.07,50406356163.89,-17704658454.82
2022-09-15,GOTO.JK,20482959280.54,34452451981.34,-13969492700.81
2022-09-16,GOTO.JK,8114974176.52,81687917507.18,-73572943330.66
2022-09-19,GOTO.JK,35600234672.07,72799247460.54,-37199012788.47
2022-09-20,GOTO.JK,150186782952.67,11114609860.56,139072173092.11
2022-09-21,GOTO.JK,14255167090.34,14357125613.38,-101958523.04
2022-09-22,GOTO.JK,6982713363.12,7205352165.3,-222638802.18
2022-09-23,GOTO.JK,5241551013.32,5474971856.86,-233420843.55
2022-09-26,GOTO.JK,18194988710.12,48071423568.2,-29876434858.08
2022-09-27,GOTO.JK,13118538607.99,20097999105.46,-6979460497.47
2022-09-28,GOTO.JK,42667454324.31,20289310004.27,22378144320.04
2022-09-29,GOTO.JK,6429407948.23,14515424379.95,-8086016431.72
2022-09-30,GOTO.JK,22859552318.17,35280331415.59,-12420779097.42
2022-10-03,GOTO.JK,6763902810.49,20609925770.91,-13846022960.43
2022-10-04,GOTO.JK,22137392990.35,22865936786.03,-728543795.68
2022-10-05,GOTO.JK,22698930645.8,13977833920.04,8721096725.76
2022-10-06,GOTO.JK,33322649154.06,17188979419.34,16133669734.72
2022-10-07,GOTO.JK,11219823757.28,12902931413.61,-1683107656.33
2022-10-10,GOTO.JK,4913713181.49,5492459934.26,-578746752.77
2022-10-11,GOTO.JK,5147495404.25,25658835019.13,-20511339614.88
2022-10-12,GOTO.JK,5744094915.17,18306619714.1,-12562524798.93
2022-10-13,GOTO.JK,19065787346.01,35781168335.71,-16715380989.7
2022-10-14,GOTO.JK,3751584934.4,13483576596.98,-9731991662.59
2022-10-17,GOTO.JK,46846823488.17,14592076194.44,32254747293.73
2022-10-18,GOTO.JK,20549350102.21,28639130339.88,-8089780237.67
2022-10-19,GOTO.JK,9753885363.44,14183616258.34,-4429730894.9
2022-10-20,GOTO.JK,36033524005.36,29737534093.98,6295989911.38
2022-10-21,GOTO.JK,12660469231.18,24549466276.49,-11888997045.32
2022-10-24,GOTO.JK,7169654071.86,37653892355.09,-30484238283.23
2022-10-25,GOTO.JK,59148040970.11,38888359682.05,20259681288.06
2022-10-26,GOTO.JK,84946399120.45,44104518253.79,40841880866.66
2022-10-27,GOTO.JK,19890566031.62,15171535542.67,4719030488.95
2022-10-28,GOTO.JK,7354181240.71,34770732792.5,-27416551551.8
2022-10-31,GOTO.JK,13416588775.63,20017546112.98,-6600957337.36
2022-11-01,GOTO.JK,7682559630.83,9220555436.07,-1537995805.24
2022-11-02,GOTO.JK,24174735258.81,2259980179.13,21914755079.67
2022-11-03,GOTO.JK,35420897714.91,15988298013.0,19432599701.91
2022-11-04,GOTO.JK,25409970619.4,23065891303.94,2344079315.46
2022-11-07,GOTO.JK,10793011300.5,17673847356.53,-6880836056.04
2022-11-08,GOTO.JK,4170051977.79,8569452589.15,-4399400611.36
2022-11-09,GOTO.JK,15762968375.72,6482558340.71,9280410035.01
2022-11-10,GOTO.JK,4491896786.33,33766743970.79,-29274847184.46
2022-11-11,GOTO.JK,133442147642.1,2811689375.57,130630458266.53
2022-11-14,GOTO.JK,16098837980.65,32215088657.63,-16116250676.98
2022-11-15,GOTO.JK,13893671351.0,14951250134.19,-1057578783.19
2022-11-16,GOTO.JK,32604089448.1,5837232214.23,26766857233.88
2022-11-17,GOTO.JK,9204163303.58,14816530808.55,-5612367504.97
2022-11-18,GOTO.JK,86676906963.51,26361629657.96,60315277305.55
2022-11-21,GOTO.JK,4252251313.92,24234814262.3,-19982562948.37
2022-11-22,GOTO.JK,11161586798.49,66471049202.1,-55309462403.61
2022-11-23,GOTO.JK,17769903992.34,43457395861.11,-25687491868.77
2022-11-24,GOTO.JK,5422070266.54,8668682036.93,-3246611770.39
2022-11-25,GOTO.JK,15354325025.43,23243255723.27,-7888930697.84
2022-11-28,GOTO.JK,12570323289.12,96948285187.1,-84377961897.98
2022-11-29,GOTO.JK,4757272246.86,30746610670.92,-25989338424.05
2022-11-30,GOTO.JK,9704923682.07,66111808058.63,-56406884376.56
2022-12-01,GOTO.JK,2240117705.88,10579317641.32,-8339199935.44
2022-12-02,GOTO.JK,400697483.87,3808632380.11,-3407934896.24
2022-12-05,GOTO.JK,1034197573.86,6078784517.52,-5044586943.67
2022-12-06,GOTO.JK,610339515.35,5444703952.73,-4834364437.37
2022-12-07,GOTO.JK,1324723436.09,7541360425.75,-6216636989.66
2022-12-08,GOTO.JK,1556978645.52,14089354447.9,-12532375802.38
2022-12-09,GOTO.JK,1113669770.3,6623684552.59,-5510014782.3
2022-12-12,GOTO.JK,497550438.89,3495067010.83,-2997516571.93
2022-12-13,GOTO.JK,826690484183.44,5572911337.43,821117572846.01
2022-12-14,GOTO.JK,37185100563.78,232119561176.11,-194934460612.34
2022-12-15,GOTO.JK,87866684764.97,29240021532.76,58626663232.21
2022-12-16,GOTO.JK,21555189896.71,25083320412.35,-3528130515.63
2022-12-19,GOTO.JK,9287430790.47,32923000047.05,-23635569256.58
2022-12-20,GOTO.JK,7662929854.07,46074985336.81,-38412055482.74
2022-12-21,GOTO.JK,51665165835.66,26516523139.47,25148642696.19
2022-12-22,GOTO.JK,15340070306.84,13718783107.44,1621287199.4
2022-12-23,GOTO.JK,7879731247.21,29141643958.27,-21261912711.06
2022-12-26,GOTO.JK,10447689677.56,31821326830.01,-21373637152.45
2022-12-27,GOTO.JK,41123337586.41,681867249.78,40441470336.62
2022-12-28,GOTO.JK,18628097084.12,16952684903.03,1675412181.09
2022-12-29,GOTO.JK,123781651038.82,20337633941.55,103444017097.27
2022-12-30,GOTO.JK,12912183258.84,76550447929.4,-63638264670.56
2023-01-02,GOTO.JK,9722474638.91,5465520335.75,4256954303.15
2023-01-03,GOTO.JK,43124560897.04,24383258330.19,18741302566.85
2023-01-04,GOTO.JK,28368639291.36,19173382954.92,9195256336.43
2023-01-05,GOTO.JK,6485628017.46,29911962297.14,-23426334279.68
2023-01-06,GOTO.JK,8871349647.4,4167384758.77,4703964888.63
2023-01-09,GOTO.JK,20510023810.6,49616906389.82,-29106882579.22
2023-01-10,GOTO.JK,45401522036.01,20466792922.9,24934729113.11
2023-01-11,GOTO.JK,7216491239.9,9376931818.65,-2160440578.75
2023-01-12,GOTO.JK,44882386683.95,14342100284.37,30540286399.58
2023-01-13,GOTO.JK,142990569486.48,12166370169.22,130824199317.26
2023-01-16,GOTO.JK,95779849163.02,46337756726.49,49442092436.53
2023-01-17,GOTO.JK,287350181611.3,38771641473.66,248578540137.64
2023-01-18,GOTO.JK,60953973747.16,69852805501.13,-8898831753.97
2023-01-19,GOTO.JK,73330971272.19,49441311073.51,23889660198.68
2023-01-20,GOTO.JK,48916009004.14,72111856338.96,-23195847334.82
2023-01-24,GOTO.JK,137056798218.18,41342294168.99,95714504049.19
2023-01-25,GOTO.JK,38792046606.14,78987773085.61,-40195726479.46
2023-01-26,GOTO.JK,32253241592.19,57022223788.57,-24768982196.38
2023-01-27,GOTO.JK,49828305589.87,28966037472.95,20862268116.92
2023-01-30,GOTO.JK,11582873403.84,34823377297.53,-23240503893.69
2023-01-31,GOTO.JK,26450990365.51,35237388962.2,-8786398596.7
2023-02-01,GOTO.JK,37960714606.58,26615120475.78,11345594130.81
2023-02-02,GOTO.JK,241183083414.45,11170103371.71,230012980042.74
2023-02-03,GOTO.JK,99156067246.85,102503983177.0,-3347915930.14
2023-02-06,GOTO.JK,8383317629.12,18371852069.87,-9988534440.75
2023-02-07,GOTO.JK,72104128403.79,35271245193.47,36832883210.32
2023-02-08,GOTO.JK,16914780617.32,31248449503.32,-14333668886.0
2023-02-09,GOTO.JK,8708770983.51,54529755318.6,-45820984335.09
2023-02-10,GOTO.JK,2507918751.21,13116267671.79,-10608348920.58
2023-02-13,GOTO.JK,207653114106.86,0.0,207653114106.86
2023-02-14,GOTO.JK,71435891177.74,34792187638.19,36643703539.54
2023-02-15,GOTO.JK,32328402091.71,42889650224.94,-10561248133.22
2023-02-16,GOTO.JK,102282931424.89,44059312216.51,58223619208.38
2023-02-17,GOTO.JK,242293970450.62,83966158342.0,158327812108.62
2023-02-20,GOTO.JK,32710027774.07,71274273621.8,-38564245847.73
2023-02-21,GOTO.JK,18949509081.12,24335948358.89,-5386439277.78
2023-02-22,GOTO.JK,15898300857.97,57354211095.57,-41455910237.6
2023-02-23,GOTO.JK,23529539912.96,20759324260.1,2770215652.86
2023-02-24,GOTO.JK,73596819264.02,25135662877.9,48461156386.11
2023-02-27,GOTO.JK,31314054649.15,52163579451.61,-20849524802.46
2023-02-28,GOTO.JK,60353165390.01,76725125904.11,-16371960514.1
2023-03-01,GOTO.JK,106827594556.95,44955126990.8,61872467566.15
2023-03-02,GOTO.JK,17582109135.99,17997662342.67,-415553206.68
2023-03-03,GOTO.JK,73907344259.54,32406791862.54,41500552397.0
2023-03-06,GOTO.JK,57003914911.04,22763187251.98,34240727659.06
2023-03-07,GOTO.JK,50452462908.99,43321432577.68,7131030331.31
2023-03-08,GOTO.JK,84755150544.89,60663752639.83,24091397905.07
2023-03-09,GOTO.JK,18167870378.03,20305001912.54,-2137131534.51
2023-03-10,GOTO.JK,23515043352.28,45365112203.43,-21850068851.15
2023-03-13,GOTO.JK,88382287709.49,51113243193.88,37269044515.61
2023-03-14,GOTO.JK,30320868085.06,109263244112.68,-78942376027.62
2023-03-15,GOTO.JK,74570410964.81,70462205861.88,4108205102.93
2023-03-16,GOTO.JK,14983611659.47,46921574197.46,-31937962537.98
2023-03-17,GOTO.JK,886090048645.49,1056490695259.9,-170400646614.4
2023-03-20,GOTO.JK,4611381623.69,48237629842.69,-43626248218.99
2023-03-21,GOTO.JK,93518796696.07,57661765461.42,35857031234.65
2023-03-24,GOTO.JK,72013194715.68,18411762297.64,53601432418.04
2023-03-27,GOTO.JK,14508501939.31,18176046069.02,-3667544129.71
2023-03-28,GOTO.JK,15448840240.09,7457439790.36,7991400449.73
2023-03-29,GOTO.JK,42889299659.99,58798379117.17,-15909079457.18
2023-03-30,GOTO.JK,8374793961.07,25175280933.5,-16800486972.42
2023-03-31,GOTO.JK,35261618515.84,87326414358.81,-52064795842.97
2023-04-03,GOTO.JK,49403946282.47,42410042123.94,6993904158.53
2023-04-04,GOTO.JK,33361828764.42,30460406361.4,2901422403.02
2023-04-05,GOTO.JK,13299809814.94,24898167729.06,-11598357914.12
2023-04-06,GOTO.JK,37675910846.22,211475540528.97,-173799629682.74
2023-04-10,GOTO.JK,4738530652.94,34936892898.43,-30198362245.49
2023-04-11,GOTO.JK,75401583986.09,22454090728.9,52947493257.19
2023-04-12,GOTO.JK,5209695761.52,35951421902.09,-30741726140.57
2023-04-13,GOTO.JK,50507236223.36,92676774948.64,-42169538725.28
2023-04-14,GOTO.JK,65151646180.65,45559308759.44,19592337421.21
2023-04-17,GOTO.JK,5887517840.24,5566470896.65,321046943.58
2023-04-18,GOTO.JK,13097560537.18,6364202905.61,6733357631.57
2023-04-26,GOTO.JK,18847450113.97,19071657134.35,-224207020.37
2023-04-27,GOTO.JK,96842809908.7,25498069112.81,71344740795.89
2023-04-28,GOTO.JK,94318850870.68,19251437840.91,75067413029.76
2023-05-02,GOTO.JK,25771145358.87,33995373455.52,-8224228096.66
2023-05-03,GOTO.JK,23935913833.08,44965472807.06,-21029558973.98
2023-05-04,GOTO.JK,98568677092.22,7170236876.79,91398440215.43
2023-05-05,GOTO.JK,13597720704.69,36457576998.01,-22859856293.32
2023-05-08,GOTO.JK,51979577485.6,59315333214.38,-7335755728.78
2023-05-09,GOTO.JK,63208356709.54,29590532946.75,33617823762.79
2023-05-10,GOTO.JK,109254221909.4,4763159718.5,104491062190.9
2023-05-11,GOTO.JK,91866736140.53,166450540114.63,-74583803974.1
2023-05-12,GOTO.JK,62734802478.84,60954949527.42,1779852951.42
2023-05-15,GOTO.JK,49586439638.75,33853388481.96,15733051156.8
2023-05-16,GOTO.JK,61681167665.03,52403339121.63,9277828543.39
2023-05-17,GOTO.JK,16186582256.24,50777615342.06,-34591033085.82
2023-05-19,GOTO.JK,70260922643.45,40593350192.57,29667572450.87
2023-05-22,GOTO.JK,39774071122.67,57406943226.42,-17632872103.75
2023-05-23,GOTO.JK,116665729067.3,78168650308.52,38497078758.77
2023-05-24,GOTO.JK,47197759296.52,61630709246.96,-14432949950.44
2023-05-25,GOTO.JK,19169729398.93,37097867425.35,-17928138026.42
2023-05-26,GOTO.JK,19134806931.41,125605292483.33,-106470485551.92
2023-05-29,GOTO.JK,134049022780.74,44847878422.59,89201144358.15
2023-05-30,GOTO.JK,74298458127.36,55202428416.31,19096029711.05
2023-05-31,GOTO.JK,3580471825046.1,106092526159.3,3474379298886.8
2023-06-05,GOTO.JK,4184631624.25,113550761469.9,-109366129845.65
2023-06-06,GOTO.JK,38078056053.44,234394450837.96,-196316394784.51
2023-06-07,GOTO.JK,47973639640.18,115687765373.46,-67714125733.28
2023-06-08,GOTO.JK,74542124438.83,6044262047.45,68497862391.38
2023-06-09,GOTO.JK,182827769288.38,121424600258.03,61403169030.35
2023-06-12,GOTO.JK,20802636656.75,42178326588.87,-21375689932.12
2023-06-13,GOTO.JK,44100372649.39,103013542053.01,-58913169403.63
2023-06-14,GOTO.JK,21037292637.13,93242799818.81,-72205507181.68
2023-06-15,GOTO.JK,28915043648.53,30691925627.45,-1776881978.92
2023-06-16,GOTO.JK,84141741554.05,63040639464.4,21101102089.65
2023-06-19,GOTO.JK,30834524035.72,28743206587.32,2091317448.4
2023-06-20,GOTO.JK,32774602210.57,24298602422.97,8475999787.6
2023-06-21,GOTO.JK,23428682818.7,22072850190.95,1355832627.74
2023-06-22,GOTO.JK,24821894036.54,64556543455.83,-39734649419.29
2023-06-23,GOTO.JK,16797772856.65,28478299136.71,-11680526280.06
2023-06-26,GOTO.JK,29571179705.47,23786980604.17,5784199101.29
2023-06-27,GOTO.JK,23670247968.08,63624137089.31,-39953889121.23
2023-07-03,GOTO.JK,21045833011.57,12252070997.4,8793762014.17
2023-07-04,GOTO.JK,11265142851.96,24823317106.14,-13558174254.18
2023-07-05,GOTO.JK,17928634426.91,18889286853.62,-960652426.72
2023-07-06,GOTO.JK,30798593027.77,15037928755.99,15760664271.78
2023-07-07,GOTO.JK,17834048116.94,43523660384.61,-25689612267.66
2023-07-10,GOTO.JK,14696153007.9,13277760111.4,1418392896.5
2023-07-11,GOTO.JK,29620191593.55,60044471298.59,-30424279705.04
2023-07-12,GOTO.JK,37689709833.45,18434709090.91,19255000742.54
2023-07-13,GOTO.JK,20098945202.75,14070775948.12,6028169254.62
2023-07-14,GOTO.JK,70046803078.31,20305607901.11,49741195177.21
2023-07-17,GOTO.JK,127389167231.14,26398755670.09,100990411561.04
2023-07-18,GOTO.JK,31646435245.96,63178265600.48,-31531830354.52
2023-07-20,GOTO.JK,8104838148.27,8467748256.9,-362910108.63
2023-07-21,GOTO.JK,15585158186.89,19624629158.74,-4039470971.85
2023-07-24,GOTO.JK,28008609733.28,39648128889.31,-11639519156.03
2023-07-25,GOTO.JK,22857899996.38,9720634189.55,13137265806.83
2023-07-26,GOTO.JK,28860269853.49,36776887970.58,-7916618117.09
2023-07-27,GOTO.JK,11331271321.36,19773302573.73,-8442031252.37
2023-07-28,GOTO.JK,16899511710.13,22103157778.03,-5203646067.9
2023-07-31,GOTO.JK,35294423823.08,17074932758.59,18219491064.49
2023-08-01,GOTO.JK,15038104232.77,20124446183.38,-5086341950.6
2023-08-02,GOTO.JK,22273289454.66,57524740817.67,-35251451363.0
2023-08-03,GOTO.JK,33137360259.45,32820376404.06,316983855.4
2023-08-04,GOTO.JK,17463521973.84,22282648073.33,-4819126099.49
2023-08-07,GOTO.JK,24399395415.84,20158069868.27,4241325547.58
2023-08-08,GOTO.JK,27637438163.42,94219888943.3,-66582450779.88
2023-08-09,GOTO.JK,193413650.49,99018985027.53,-98825571377.04
2023-08-10,GOTO.JK,30236562964.5,21059648598.44,9176914366.05
2023-08-11,GOTO.JK,25408377500.87,74218832131.37,-48810454630.51
2023-08-14,GOTO.JK,28366104517.84,28030784627.54,335319890.3
2023-08-15,GOTO.JK,37123847140.03,5933577712.89,31190269427.14
2023-08-16,GOTO.JK,19528867239.49,67810691489.44,-48281824249.95
2023-08-18,GOTO.JK,18322547657.78,24236893176.73,-5914345518.95
2023-08-21,GOTO.JK,20039510404.41,68401679945.82,-48362169541.41
2023-08-22,GOTO.JK,15888225294.19,16165146848.91,-276921554.72
2023-08-23,GOTO.JK,21697658533.51,37680469740.2,-15982811206.69
2023-08-24,GOTO.JK,18430460772.03,22478867746.94,-4048406974.91
2023-08-25,GOTO.JK,11957843094.21,14019055722.86,-2061212628.65
2023-08-28,GOTO.JK,20978465502.4,17019617975.37,3958847527.04
2023-08-29,GOTO.JK,83117191736.66,9255917827.59,73861273909.07
2023-08-30,GOTO.JK,21057126789.67,20832758581.25,224368208.43
2023-08-31,GOTO.JK,78733686390.93,17136831624.59,61596854766.34
2023-09-01,GOTO.JK,13445602398.82,23741734682.63,-10296132283.81
2023-09-04,GOTO.JK,6809224747.29,10869698253.39,-4060473506.1
2023-09-05,GOTO.JK,4275587570.45,11436604325.95,-7161016755.5
2023-09-06,GOTO.JK,19864638561.94,14487446056.89,5377192505.05
2023-09-07,GOTO.JK,66417003654.29,21833368964.74,44583634689.55
2023-09-08,GOTO.JK,21118274105.38,28522490930.43,-7404216825.05
2023-09-11,GOTO.JK,10373638315.98,38463812785.18,-28090174469.2
2023-09-12,GOTO.JK,21366734726.45,31126378390.63,-9759643664.18
2023-09-13,GOTO.JK,22018315545.33,32589520523.0,-10571204977.68
2023-09-14,GOTO.JK,18144229785.77,11168258373.66,6975971412.11
2023-09-15,GOTO.JK,33293877250.83,10117012083.82,23176865167.01
2023-09-18,GOTO.JK,21827348923.11,27145220674.16,-5317871751.05
2023-09-19,GOTO.JK,2736563734.28,5839441676.42,-3102877942.14
2023-09-20,GOTO.JK,10488739157.48,9960573607.72,528165549.76
2023-09-21,GOTO.JK,14703310617.1,32556323600.65,-17853012983.54
2023-09-22,GOTO.JK,5501568975.44,6478705441.2,-977136465.76
2023-09-25,GOTO.JK,16008752726.35,16356119613.87,-347366887.52
2023-09-26,GOTO.JK,41708270675.53,41576434016.45,131836659.08
2023-09-27,GOTO.JK,26850521207.77,33703071158.87,-6852549951.1
2023-09-29,GOTO.JK,32138379599.27,51587296234.77,-19448916635.51
2023-10-02,GOTO.JK,9507254036.11,10302313224.76,-795059188.65
2023-10-03,GOTO.JK,27177344329.34,46650356187.97,-19473011858.63
2023-10-04,GOTO.JK,27261055692.69,45558659847.13,-18297604154.44
2023-10-05,GOTO.JK,18814969965.88,7706789077.55,11108180888.33
2023-10-06,GOTO.JK,27287671917.82,25722801462.43,1564870455.4
2023-10-09,GOTO.JK,4222645587.75,7463770975.72,-3241125387.96
2023-10-10,GOTO.JK,6397571173.12,8783879432.12,-2386308259.0
2023-10-11,GOTO.JK,19152553481.22,57772560919.15,-38620007437.92
2023-10-12,GOTO.JK,16829657412.78,158469937090.65,-141640279677.87
2023-10-13,GOTO.JK,11145300425.56,108141377154.51,-96996076728.95
2023-10-16,GOTO.JK,188127592499.25,286523228101.47,-98395635602.22
2023-10-17,GOTO.JK,37087730479.99,56449633530.06,-19361903050.07
2023-10-18,GOTO.JK,10892918513.6,29181287951.87,-18288369438.27
2023-10-19,GOTO.JK,38040557572.36,26390575450.6,11649982121.76
2023-10-20,GOTO.JK,12278332529.95,59330200495.85,-47051867965.91
2023-10-23,GOTO.JK,47833344182.9,11774614182.91,36058729999.99
2023-10-24,GOTO.JK,7740023846.81,8216116019.28,-476092172.47
2023-10-25,GOTO.JK,9555249493.36,43122538765.47,-33567289272.12
2023-10-26,GOTO.JK,4368557322.94,25367360773.87,-20998803450.93
2023-10-27,GOTO.JK,29588921081.29,61728968924.7,-32140047843.41
2023-10-30,GOTO.JK,22826866281.48,20461564923.4,2365301358.08
2023-10-31,GOTO.JK,93240137085.14,6443775943.74,86796361141.4
2023-11-01,GOTO.JK,47305515952.62,20706882906.92,26598633045.7
2023-11-02,GOTO.JK,134721532942.13,0.0,134721532942.13
2023-11-03,GOTO.JK,113111863257.09,190950849157.37,-77838985900.28
2023-11-06,GOTO.JK,287653581832.99,24914769525.29,262738812307.7
2023-11-07,GOTO.JK,55038226612.38,45648799491.67,9389427120.72
2023-11-08,GOTO.JK,41115547108.55,58151058494.22,-17035511385.67
2023-11-09,GOTO.JK,14056173369.51,23018554164.4,-8962380794.89
2023-11-10,GOTO.JK,35296997211.61,24088040867.76,11208956343.85
2023-11-13,GOTO.JK,222007029061.92,58546153896.05,163460875165.87
2023-11-14,GOTO.JK,106118598169.23,38876172543.69,67242425625.54
2023-11-15,GOTO.JK,121101695452.42,23922032364.61,97179663087.82
2023-11-16,GOTO.JK,38884200839.28,33205031159.78,5679169679.51
2023-11-17,GOTO.JK,11957028226.92,25212958723.01,-13255930496.1
2023-11-20,GOTO.JK,71731341210.27,9959435074.3,61771906135.97
2023-11-21,GOTO.JK,52172183538.13,81649483852.79,-29477300314.66
2023-11-22,GOTO.JK,40550273492.02,164010640804.08,-123460367312.06
2023-11-23,GOTO.JK,230740676953.77,7137881675.75,223602795278.02
2023-11-24,GOTO.JK,81449452608.74,76005992087.64,5443460521.1
2023-11-27,GOTO.JK,23349330321.88,16645278642.54,6704051679.34
2023-11-28,GOTO.JK,10751691484.77,38581654851.87,-27829963367.11
2023-11-29,GOTO.JK,28081452781.19,10602399281.77,17479053499.42
2023-11-30,GOTO.JK,90452872106.88,36280218284.73,54172653822.15
2023-12-01,GOTO.JK,173649515134.53,2454447263.52,171195067871.0
2023-12-04,GOTO.JK,20773114701.61,344940131203.41,-324167016501.81
2023-12-05,GOTO.JK,191497286678.1,129717077900.87,61780208777.22
2023-12-06,GOTO.JK,4046291461.05,123747581726.65,-119701290265.6
2023-12-07,GOTO.JK,164335373719.79,63818498093.01,100516875626.78
2023-12-08,GOTO.JK,219448931991.37,14148337460.38,205300594530.99
2023-12-11,GOTO.JK,0.0,312516699675.2,-312516699675.2
2023-12-12,GOTO.JK,128240752231.15,9693069914.52,118547682316.63
2023-12-13,GOTO.JK,13264365572.34,64290643423.12,-51026277850.78
2023-12-14,GOTO.JK,248747220910.63,62629438778.8,186117782131.83
2023-12-15,GOTO.JK,50892741616.81,73417886274.65,-22525144657.84
2023-12-18,GOTO.JK,11174653244.53,171752164578.2,-160577511333.67
2023-12-19,GOTO.JK,69904721529.37,53944771483.98,15959950045.39
2023-12-20,GOTO.JK,16064274833.76,11707438787.82,4356836045.94
2023-12-21,GOTO.JK,26417507416.79,26265957880.46,151549536.33
2023-12-22,GOTO.JK,15825011287.94,35237196221.93,-19412184933.99
2023-12-27,GOTO.JK,12291469421.3,22156989787.1,-9865520365.8
2023-12-28,GOTO.JK,26906122474.29,25193024215.3,1713098258.99
2023-12-29,GOTO.JK,19416693349.3,12250006797.78,7166686551.52
2024-01-02,GOTO.JK,8643884137.52,5059632918.54,3584251218.98
2024-01-03,GOTO.JK,30420842867.86,19861525543.17,10559317324.7
2024-01-04,GOTO.JK,10997531451.21,15142297593.94,-4144766142.73
2024-01-05,GOTO.JK,12600671868.12,13937135872.09,-1336464003.96
2024-01-08,GOTO.JK,9707144904.75,7838525511.87,1868619392.88
2024-01-09,GOTO.JK,15072550122.67,8354957407.78,6717592714.89
2024-01-10,GOTO.JK,4007182589.78,5300112992.78,-1292930403.0
2024-01-11,GOTO.JK,94150451540.34,27577963286.04,66572488254.29
2024-01-12,GOTO.JK,20349468798.22,17853319901.87,2496148896.35
2024-01-15,GOTO.JK,0.0,0.0,0.0
2024-01-16,GOTO.JK,11180720659.18,12988644721.16,-1807924061.98
2024-01-17,GOTO.JK,57446148299.08,124591895554.88,-67145747255.8
2024-01-18,GOTO.JK,41523088001.76,37327326653.21,4195761348.55
2024-01-19,GOTO.JK,15123188902.79,24761129506.24,-9637940603.44
2024-01-22,GOTO.JK,8464839751.54,7064101499.8,1400738251.74
2024-01-23,GOTO.JK,10336858952.13,16739141423.28,-6402282471.15
2024-01-24,GOTO.JK,12162301249.99,17567148239.36,-5404846989.37
2024-01-25,GOTO.JK,9827260014.62,8775149917.94,1052110096.68
2024-01-26,GOTO.JK,26084818233.6,49154399092.2,-23069580858.61
2024-01-29,GOTO.JK,8687686800.47,41330049580.98,-32642362780.51
2024-01-30,GOTO.JK,147360818064.22,6081993268.87,141278824795.36
2024-01-31,GOTO.JK,31343711654.63,25390515830.76,5953195823.87
2024-02-01,GOTO.JK,104834787390.07,52807142514.04,52027644876.03
2024-02-02,GOTO.JK,11326919860.2,11104943801.21,221976058.98
2024-02-05,GOTO.JK,8415703444.28,63441209333.76,-55025505889.48
2024-02-06,GOTO.JK,52252969793.64,49060742011.7,3192227781.94
2024-02-07,GOTO.JK,13701376992.13,13870671045.25,-169294053.11
2024-02-12,GOTO.JK,96809329415.0,46696372631.97,50112956783.03
2024-02-13,GOTO.JK,28546067734.56,29078273622.51,-532205887.96
2024-02-15,GOTO.JK,23114669567.91,33907889835.28,-10793220267.37
2024-02-16,GOTO.JK,7451694256.16,17438860109.18,-9987165853.02
2024-02-19,GOTO.JK,36887856198.89,24287997903.31,12599858295.58
2024-02-20,GOTO.JK,15657645413.06,22464869196.14,-6807223783.08
2024-02-21,GOTO.JK,11841195559.51,43001177488.37,-31159981928.86
2024-02-22,GOTO.JK,17940637819.32,23866757802.48,-5926119983.16
2024-02-23,GOTO.JK,21105477370.93,20771409235.17,334068135.76
2024-02-26,GOTO.JK,10693514404.99,13933785578.38,-3240271173.39
2024-02-27,GOTO.JK,62915323803.64,24458106466.27,38457217337.37
2024-02-28,GOTO.JK,36120713130.45,199065693368.3,-162944980237.85
2024-02-29,GOTO.JK,26281072214.58,157248390157.78,-130967317943.2
2024-03-01,GOTO.JK,17115483315.98,35402324086.97,-18286840770.99
2024-03-04,GOTO.JK,10142103601.12,88445710197.27,-78303606596.15
2024-03-05,GOTO.JK,11495015241.8,17227240888.55,-5732225646.75
2024-03-06,GOTO.JK,105090972700.65,2140301863.56,102950670837.09
2024-03-07,GOTO.JK,25779438364.03,136332569705.48,-110553131341.45
2024-03-08,GOTO.JK,5698887137.83,7089220743.79,-1390333605.96
2024-03-13,GOTO.JK,8189094007.44,28007197165.89,-19818103158.45
2024-03-14,GOTO.JK,23334478687.33,5242086835.01,18092391852.32
2024-03-15,GOTO.JK,115114772753.32,93168724789.38,21946047963.94
2024-03-18,GOTO.JK,45099041597.27,17228258877.14,27870782720.14
2024-03-19,GOTO.JK,9774257912.53,14568019831.36,-4793761918.82
2024-03-20,GOTO.JK,10330425871.31,95158907643.2,-84828481771.89
2024-03-21,GOTO.JK,34037305456.27,14928694097.86,19108611358.41
2024-03-22,GOTO.JK,19701027655.65,14142069059.72,5558958595.93
2024-03-25,GOTO.JK,0.0,0.0,0.0
2024-03-26,GOTO.JK,0.0,0.0,0.0
2024-03-27,GOTO.JK,4222080589.49,10994258758.22,-6772178168.73
2024-03-28,GOTO.JK,11606993962.63,3083273122.28,8523720840.34
2024-04-01,GOTO.JK,5070171560.57,7573780310.64,-2503608750.06
2024-04-02,GOTO.JK,37055162003.87,15262012252.08,21793149751.79
2024-04-03,GOTO.JK,6965738712.05,15407177441.85,-8441438729.8
2024-04-04,GOTO.JK,17859903928.44,11575782126.89,6284121801.55
2024-04-05,GOTO.JK,10114006683.38,17925366512.46,-7811359829.09
2024-04-16,GOTO.JK,14817894654.43,47720946915.04,-32903052260.62
2024-04-17,GOTO.JK,7428684266.04,25136315313.51,-17707631047.47
2024-04-18,GOTO.JK,15048995769.31,17676753167.74,-2627757398.43
2024-04-19,GOTO.JK,7704122374.46,29700332919.92,-21996210545.46
2024-04-22,GOTO.JK,11358997238.19,10926809270.6,432187967.59
2024-04-23,GOTO.JK,51160621858.67,17070574436.05,34090047422.63
2024-04-24,GOTO.JK,33204789133.6,6612199706.83,26592589426.77
2024-04-25,GOTO.JK,3995177253.78,9488672077.01,-5493494823.23
2024-04-26,GOTO.JK,6718998498.4,10958314819.47,-4239316321.07
2024-04-29,GOTO.JK,32854517637.23,11937204779.92,20917312857.31
2024-04-30,GOTO.JK,20864439040.35,19991377472.26,873061568.09
2024-05-02,GOTO.JK,16417484038.38,16624756879.03,-207272840.64
2024-05-03,GOTO.JK,35964450755.57,9589186692.25,26375264063.32
2024-05-06,GOTO.JK,86512333966.32,23348601675.87,63163732290.45
2024-05-07,GOTO.JK,5464227203.4,31806362181.29,-26342134977.89
2024-05-08,GOTO.JK,11906166791.98,4262026612.3,7644140179.68
2024-05-13,GOTO.JK,17459051221.84,15998312374.17,1460738847.67
2024-05-14,GOTO.JK,4113792014.85,10970599642.47,-6856807627.62
2024-05-15,GOTO.JK,7952181336.07,5436481952.15,2515699383.92
2024-05-16,GOTO.JK,17627398392.35,16967516339.31,659882053.04
2024-05-17,GOTO.JK,20686861799.17,21163656893.13,-476795093.95
2024-05-20,GOTO.JK,9192288809.05,14146652199.08,-4954363390.03
2024-05-21,GOTO.JK,10727872301.18,16245303417.77,-5517431116.59
2024-05-22,GOTO.JK,35716288402.72,13627671652.27,22088616750.46
2024-05-27,GOTO.JK,128985860469.61,24027128270.86,104958732198.75
2024-05-28,GOTO.JK,84038334807.01,18549330612.47,65489004194.54
2024-05-29,GOTO.JK,10835106333.01,35843038025.63,-25007931692.62
2024-05-30,GOTO.JK,9531296410.88,42880828899.03,-33349532488.14
2024-05-31,GOTO.JK,29921692947.15,77467962671.21,-47546269724.06
2024-06-03,GOTO.JK,18387836517.58,26245612038.14,-7857775520.57
2024-06-04,GOTO.JK,8859898375.99,35176592024.21,-26316693648.22
2024-06-05,GOTO.JK,14577968914.41,38478124157.59,-23900155243.18
2024-06-06,GOTO.JK,33047730065.28,21609320331.08,11438409734.2
2024-06-07,GOTO.JK,4618079397.53,11359276109.1,-6741196711.57
2024-06-10,GOTO.JK,52368277869.96,172293789667.37,-119925511797.41
2024-06-11,GOTO.JK,13451612275.32,60722658493.77,-47271046218.45
2024-06-12,GOTO.JK,17024609367.9,30469707713.66,-13445098345.76
2024-06-13,GOTO.JK,45716987294.81,54856755714.68,-9139768419.87
2024-06-14,GOTO.JK,36067664847.44,37974238056.05,-1906573208.61
2024-06-19,GOTO.JK,28349337513.66,96444628867.28,-68095291353.61
2024-06-20,GOTO.JK,28191464400.38,32012803708.98,-3821339308.6
2024-06-21,GOTO.JK,25196004387.94,27864100930.66,-2668096542.72
2024-06-24,GOTO.JK,9155597877.24,4198251236.84,4957346640.39
2024-06-25,GOTO.JK,7865443037.17,13858690296.46,-5993247259.29
2024-06-26,GOTO.JK,18763078194.04,18846303437.56,-83225243.52
2024-06-27,GOTO.JK,7756876323.19,6278448753.11,1478427570.08
2024-06-28,GOTO.JK,6386891567.18,7026056893.66,-639165326.48
2024-07-01,GOTO.JK,2136873063.62,2078812959.59,58060104.03
2024-07-02,GOTO.JK,2167255209.07,2057746081.97,109509127.1
2024-07-03,GOTO.JK,2921453667.39,3076836783.22,-155383115.83
2024-07-04,GOTO.JK,1543160261.87,1323820172.14,219340089.73
2024-07-05,GOTO.JK,2980915140.11,2795752172.94,185162967.17
2024-07-08,GOTO.JK,4951550638.2,4834023051.64,117527586.57
2024-07-09,GOTO.JK,1188619569.12,1122240863.88,66378705.24
2024-07-10,GOTO.JK,68928736374.05,70393984596.25,-1465248222.19
2024-07-11,GOTO.JK,14115582261.41,15088675765.23,-973093503.82
2024-07-12,GOTO.JK,1413716407.31,1515158984.16,-101442576.86
2024-07-15,GOTO.JK,1103708353.99,1004320431.69,99387922.31
2024-07-16,GOTO.JK,821423068.87,786461739.71,34961329.15
2024-07-17,GOTO.JK,38241536438.1,20247312729.74,17994223708.36
2024-07-18,GOTO.JK,22555130891.69,22801152429.26,-246021537.58
2024-07-19,GOTO.JK,11951374292.55,20878788294.64,-8927414002.09
2024-07-22,GOTO.JK,13185231268.75,8525834718.69,4659396550.06
2024-07-23,GOTO.JK,70478319575.97,7721620419.08,62756699156.89
2024-07-24,GOTO.JK,16119346802.29,31548254287.23,-15428907484.94
2024-07-25,GOTO.JK,6773520362.26,7382455635.53,-608935273.27
2024-07-26,GOTO.JK,3065193729.62,4949670069.03,-1884476339.41
2024-07-29,GOTO.JK,14740475610.9,9029655674.32,5710819936.58
2024-07-30,GOTO.JK,14597251284.03,9391430273.34,5205821010.69
2024-07-31,GOTO.JK,9306700948.68,28245251479.34,-18938550530.66
2024-08-01,GOTO.JK,12531424046.05,13172064202.01,-640640155.95
2024-08-02,GOTO.JK,11045295998.7,11466636428.76,-421340430.05
2024-08-05,GOTO.JK,15274010942.94,50593729650.24,-35319718707.3
2024-08-06,GOTO.JK,4515298902.96,8274197140.51,-3758898237.55
2024-08-07,GOTO.JK,5574256713.55,6562661784.37,-988405070.82
2024-08-08,GOTO.JK,15807348436.34,14717705335.72,1089643100.62
2024-08-09,GOTO.JK,10416562952.36,6274034842.27,4142528110.09
2024-08-12,GOTO.JK,12322350978.04,10414977012.21,1907373965.82
2024-08-13,GOTO.JK,19551709644.07,10117061045.18,9434648598.89
2024-08-14,GOTO.JK,30169276988.77,19925776945.2,10243500043.57
2024-08-15,GOTO.JK,17053987656.26,9796590077.17,7257397579.09
2024-08-16,GOTO.JK,4833347365.39,4850992691.44,-17645326.05
2024-08-19,GOTO.JK,4247599484.52,4378746761.74,-131147277.23
2024-08-20,GOTO.JK,17510615078.47,29547599604.96,-12036984526.5
2024-08-21,GOTO.JK,32743168062.72,29264024928.54,3479143134.18
2024-08-22,GOTO.JK,2469514189.47,4180433163.54,-1710918974.08
2024-08-23,GOTO.JK,10471530522.1,5845595204.71,4625935317.39
2024-08-26,GOTO.JK,8332724848.56,12897743722.06,-4565018873.49
2024-08-27,GOTO.JK,5890664441.82,7768504723.02,-1877840281.2
2024-08-28,GOTO.JK,5097093895.55,7813359827.08,-2716265931.53
2024-08-29,GOTO.JK,6212124752.11,5935760559.49,276364192.62
2024-08-30,GOTO.JK,32492877360.08,17177211697.22,15315665662.86
2024-09-02,GOTO.JK,3693983565.79,2337647701.03,1356335864.76
2024-09-03,GOTO.JK,5719477909.67,9446238548.63,-3726760638.96
2024-09-04,GOTO.JK,4162692411.86,3917193903.43,245498508.44
2024-09-05,GOTO.JK,3421577016.07,3722583062.5,-301006046.43
2024-09-06,GOTO.JK,4108829012.27,2583049458.7,1525779553.57
2024-09-09,GOTO.JK,8067072787.68,9900772962.55,-1833700174.87
2024-09-10,GOTO.JK,96987425109.87,18457653687.31,78529771422.56
2024-09-11,GOTO.JK,23637801309.35,24894894987.83,-1257093678.48
2024-09-12,GOTO.JK,159170284039.01,19840014165.86,139330269873.15
2024-09-13,GOTO.JK,35851558282.39,20843254599.11,15008303683.27
2024-09-17,GOTO.JK,82665833174.28,7188505117.08,75477328057.2
2024-09-18,GOTO.JK,15207685812.58,87346118660.01,-72138432847.43
2024-09-19,GOTO.JK,137867135228.34,42509979124.8,95357156103.54
2024-09-20,GOTO.JK,67153035662.75,68288351072.29,-1135315409.54
2024-09-23,GOTO.JK,28619314844.78,11141413758.36,17477901086.43
2024-09-24,GOTO.JK,11036217930.63,28312688546.88,-17276470616.25
2024-09-25,GOTO.JK,76169705035.57,19771581347.33,56398123688.24
2024-09-26,GOTO.JK,87599624033.83,20370912853.12,67228711180.71
2024-09-27,GOTO.JK,66037618078.73,71593677404.23,-5556059325.5
2024-09-30,GOTO.JK,8432453657.61,90137343613.35,-81704889955.74
2024-10-01,GOTO.JK,27659494463.23,16851471167.07,10808023296.16
2024-10-02,GOTO.JK,16787437562.01,38061945625.92,-21274508063.9
2024-10-03,GOTO.JK,28847365941.43,48228078941.16,-19380712999.73
2024-10-04,GOTO.JK,13157882292.77,87333096869.89,-74175214577.11
2024-10-07,GOTO.JK,48749647381.08,36710364787.26,12039282593.83
2024-10-08,GOTO.JK,15710457963.92,15143585534.15,566872429.78
2024-10-09,GOTO.JK,17080721767.26,18209042359.46,-1128320592.2
2024-10-10,GOTO.JK,14889835352.4,17025428433.46,-2135593081.06
2024-10-11,GOTO.JK,11629846056.31,11416405667.42,213440388.89
2024-10-14,GOTO.JK,66271859120.3,5602441564.78,60669417555.52
2024-10-15,GOTO.JK,17440163953.13,11558746366.78,5881417586.34
2024-10-16,GOTO.JK,31872321425.9,16716364264.73,15155957161.16
2024-10-17,GOTO.JK,10087572745.03,10538532373.07,-450959628.04
2024-10-18,GOTO.JK,6057109852.63,5771223571.25,285886281.38
2024-10-21,GOTO.JK,30720418059.9,32140433668.96,-1420015609.07
2024-10-22,GOTO.JK,96288092240.16,10239515386.53,86048576853.63
2024-10-23,GOTO.JK,23622387152.7,10090539453.61,13531847699.09
2024-10-24,GOTO.JK,15906095112.5,28385620359.96,-12479525247.46
2024-10-25,GOTO.JK,20168478908.15,52222746041.77,-32054267133.62
2024-10-28,GOTO.JK,22145698841.6,45397207944.89,-23251509103.29
2024-10-29,GOTO.JK,53097194920.71,17612840725.78,35484354194.93
2024-10-30,GOTO.JK,24609860601.77,15777296332.89,8832564268.88
2024-10-31,GOTO.JK,9264596871.32,34123020105.07,-24858423233.75
2024-11-01,GOTO.JK,11406150215.51,12583137666.7,-1176987451.19
2024-11-04,GOTO.JK,15569887114.76,60554500441.75,-44984613326.99
2024-11-05,GOTO.JK,36364411710.15,25286411862.79,11077999847.37
2024-11-06,GOTO.JK,10928919848.31,26944232278.29,-16015312429.98
2024-11-07,GOTO.JK,7778262613.0,27445756289.14,-19667493676.14
2024-11-08,GOTO.JK,11674573039.32,3394557776.73,8280015262.58
2024-11-11,GOTO.JK,39919173194.6,15319154128.06,24600019066.54
2024-11-12,GOTO.JK,21698731145.52,5514861102.52,16183870043.0
2024-11-13,GOTO.JK,24217057355.25,44724725349.31,-20507667994.06
2024-11-14,GOTO.JK,11150525053.19,36067385921.76,-24916860868.57
2024-11-15,GOTO.JK,12450479189.52,22542496527.29,-10092017337.76
2024-11-18,GOTO.JK,28622601789.26,5243989742.85,23378612046.41
2024-11-19,GOTO.JK,108928049878.73,6534329430.96,102393720447.77
2024-11-20,GOTO.JK,25923098653.6,61324880824.0,-35401782170.4
2024-11-21,GOTO.JK,40928279357.78,45020411454.78,-4092132096.99
2024-11-22,GOTO.JK,169426383132.4,14727287348.05,154699095784.34
2024-11-25,GOTO.JK,58444532132.27,144916164607.6,-86471632475.33
2024-11-26,GOTO.JK,24208299443.57,52606886297.5,-28398586853.93
2024-11-28,GOTO.JK,28162378186.24,64543705076.83,-36381326890.59
2024-11-29,GOTO.JK,36840939927.78,56156114233.14,-19315174305.36
2024-12-02,GOTO.JK,36023172540.47,47860215969.73,-11837043429.25
2024-12-03,GOTO.JK,123689229861.46,14587142332.93,109102087528.52
2024-12-04,GOTO.JK,15683537586.97,19908871168.95,-4225333581.98
2024-12-05,GOTO.JK,11385323344.4,11091537607.98,293785736.42
2024-12-06,GOTO.JK,32819073723.43,13913187773.37,18905885950.06
2024-12-09,GOTO.JK,172808518381.48,124811190829.17,47997327552.3
2024-12-10,GOTO.JK,34807556045.3,13488633458.99,21318922586.31
2024-12-11,GOTO.JK,51130542858.25,95872536824.26,-44741993966.01
2024-12-12,GOTO.JK,31389653153.22,42672373707.41,-11282720554.19
2024-12-13,GOTO.JK,18260136892.74,24230734685.8,-5970597793.06
2024-12-16,GOTO.JK,14162227833.63,66970432294.85,-52808204461.21
2024-12-17,GOTO.JK,41086312178.7,80324574014.16,-39238261835.46
2024-12-18,GOTO.JK,13107080031.13,12092551148.72,1014528882.4
2024-12-19,GOTO.JK,20975980500.23,36984591313.78,-16008610813.55
2024-12-20,GOTO.JK,16803909262.92,9922370139.57,6881539123.35
2024-12-23,GOTO.JK,52235258505.03,24258181552.43,27977076952.6
2024-12-24,GOTO.JK,7306230491.48,27231569978.48,-19925339487.0
2024-12-27,GOTO.JK,15706629665.58,119941831580.54,-104235201914.96
2024-12-30,GOTO.JK,55332733429.26,1800705440.1,53532027989.16
2025-01-02,GOTO.JK,63642034416.58,37553787044.42,26088247372.16
2025-01-03,GOTO.JK,122332214322.99,7371194084.71,114961020238.28
2025-01-06,GOTO.JK,147888877257.01,75097526585.33,72791350671.67
2025-01-07,GOTO.JK,42271082500.01,41463348164.5,807734335.5
2025-01-08,GOTO.JK,24671334432.65,27177843670.62,-2506509237.97
2025-01-09,GOTO.JK,34854561116.88,36945523097.62,-2090961980.74
2025-01-10,GOTO.JK,78735744401.81,44642593901.67,34093150500.14
2025-01-13,GOTO.JK,7508052011.08,18315407252.98,-10807355241.9
2025-01-14,GOTO.JK,13248485961.67,8345088177.07,4903397784.6
2025-01-15,GOTO.JK,25681671359.6,22346447122.8,3335224236.8
2025-01-16,GOTO.JK,21128941143.59,22010498822.16,-881557678.58
2025-01-17,GOTO.JK,65982922561.72,14803173660.22,51179748901.49
2025-01-20,GOTO.JK,94659361853.06,40308807850.32,54350554002.74
2025-01-21,GOTO.JK,46686268524.52,121507336968.69,-74821068444.17
2025-01-22,GOTO.JK,25240214586.14,24708789649.78,531424936.37
2025-01-23,GOTO.JK,40609222804.86,23629772483.35,16979450321.51
2025-01-24,GOTO.JK,7871355131.78,20567897949.79,-12696542818.0
2025-01-30,GOTO.JK,41110842144.43,101583590730.26,-60472748585.83
2025-01-31,GOTO.JK,39004226867.3,26091830665.97,12912396201.33
2025-02-03,GOTO.JK,30805923126.76,29522920182.79,1283002943.97
2025-02-04,GOTO.JK,208253772039.96,27041362483.04,181212409556.92
2025-02-05,GOTO.JK,76607567810.95,170103499108.54,-93495931297.59
2025-02-06,GOTO.JK,18332903381.19,35448771291.38,-17115867910.18
2025-02-07,GOTO.JK,37450940261.26,41368216851.44,-3917276590.18
2025-02-10,GOTO.JK,38552003169.92,72172181780.7,-33620178610.78
2025-02-11,GOTO.JK,17500501770.93,24724037822.15,-7223536051.22
2025-02-12,GOTO.JK,29166995221.96,14743325125.08,14423670096.87
2025-02-13,GOTO.JK,12202030875.37,31451018015.8,-19248987140.43
2025-02-14,GOTO.JK,20843166063.85,21063355393.97,-220189330.12
2025-02-17,GOTO.JK,11369315412.43,7233622740.29,4135692672.14
2025-02-18,GOTO.JK,25222736278.65,71497131227.37,-46274394948.72
2025-02-19,GOTO.JK,36525561858.09,24316661002.1,12208900855.99
2025-02-20,GOTO.JK,26971808519.09,29267782056.71,-2295973537.62
2025-02-21,GOTO.JK,46288874444.94,36845416688.85,9443457756.09
2025-02-24,GOTO.JK,3913983053.65,6519358796.17,-2605375742.51
2025-02-25,GOTO.JK,11966474478.26,17133249164.77,-5166774686.51
2025-02-26,GOTO.JK,25363441301.91,33603956590.58,-8240515288.68
2025-02-27,GOTO.JK,16443751915.89,22302817423.2,-5859065507.31
2025-02-28,GOTO.JK,19875848247.24,29154956786.53,-9279108539.29
2025-03-03,GOTO.JK,60838556734.45,8321650399.82,52516906334.64
2025-03-04,GOTO.JK,8710768470.45,28738777693.61,-20028009223.17
2025-03-05,GOTO.JK,81598848505.24,10610128561.32,70988719943.92
2025-03-06,GOTO.JK,25982040659.82,28816040686.02,-2834000026.2
2025-03-07,GOTO.JK,294174105172.2,47961605677.28,246212499494.92
2025-03-10,GOTO.JK,44066053860.56,57206046124.45,-13139992263.89
2025-03-11,GOTO.JK,11010369520.73,99536651848.61,-88526282327.88
2025-03-12,GOTO.JK,43614547448.12,13097165550.79,30517381897.33
2025-03-13,GOTO.JK,27074912771.07,56125802680.43,-29050889909.36
2025-03-14,GOTO.JK,32896798567.62,46536404363.77,-13639605796.15
2025-03-17,GOTO.JK,14695385011.71,19661876200.33,-4966491188.62
2025-03-18,GOTO.JK,145245595255.62,23319453031.14,121926142224.48
2025-03-19,GOTO.JK,13027687393.12,19849161980.52,-6821474587.4
2025-03-20,GOTO.JK,21298665187.16,29920933848.57,-8622268661.41
2025-03-21,GOTO.JK,30339458100.33,30587967889.79,-248509789.46
2025-03-24,GOTO.JK,20474831151.93,28612444623.89,-8137613471.96
2025-03-25,GOTO.JK,4979336642.18,7254975754.76,-2275639112.58
2025-03-26,GOTO.JK,114238066341.16,26220889176.93,88017177164.23
2025-03-27,GOTO.JK,23932269385.39,24130517267.62,-198247882.23
2025-04-08,GOTO.JK,881712610.52,73282857262.68,-72401144652.16
2025-04-09,GOTO.JK,7719854244.79,56787907091.33,-49068052846.54
2025-04-10,GOTO.JK,126211098020.08,0.0,126211098020.08
2025-04-11,GOTO.JK,8985734521.32,6521833137.35,2463901383.98
2025-04-14,GOTO.JK,27230263620.44,9489800476.93,17740463143.5
2025-04-15,GOTO.JK,25489704712.62,39912211330.72,-14422506618.1
2025-04-16,GOTO.JK,20083205791.15,14490004782.67,5593201008.48
2025-04-17,GOTO.JK,28856586378.42,29095859604.37,-239273225.95
2025-04-21,GOTO.JK,2995394523.98,4504432902.14,-1509038378.16
2025-04-22,GOTO.JK,14674469940.4,13124594204.11,1549875736.29
2025-04-23,GOTO.JK,45894467415.17,32049994250.15,13844473165.01
2025-04-24,GOTO.JK,13348367596.24,12514900546.01,833467050.23
2025-04-25,GOTO.JK,100387690013.85,20684107470.57,79703582543.28
2025-04-28,GOTO.JK,16234741951.44,28784497332.96,-12549755381.52
2025-04-29,GOTO.JK,57702300283.79,20673501921.97,37028798361.82
2025-04-30,GOTO.JK,31381739431.49,37336336319.45,-5954596887.96
2025-05-02,GOTO.JK,12298057884.98,34149455572.04,-21851397687.06
2025-05-05,GOTO.JK,40323371919.23,25903729599.46,14419642319.77
2025-05-06,GOTO.JK,12791943364.3,10881632974.34,1910310389.96
2025-05-07,GOTO.JK,21675325092.1,15269768667.69,6405556424.4
2025-05-08,GOTO.JK,47063501938.93,155078688646.86,-108015186707.93
2025-05-09,GOTO.JK,22337715004.76,22132915486.98,204799517.78
2025-05-14,GOTO.JK,31767896402.53,66928606403.36,-35160710000.84
2025-05-15,GOTO.JK,8584262825.87,137046019108.29,-128461756282.42
2025-05-16,GOTO.JK,29978852990.61,27905088850.03,2073764140.57
2025-05-19,GOTO.JK,19836690993.08,38926885343.54,-19090194350.45
2025-05-20,GOTO.JK,62260584436.44,39252054061.67,23008530374.77
2025-05-21,GOTO.JK,23962672042.93,50231556625.97,-26268884583.04
2025-05-22,GOTO.JK,80341884275.81,33441181895.5,46900702380.3
2025-05-23,GOTO.JK,9016969210.03,8792410125.1,224559084.92
2025-05-26,GOTO.JK,23619180190.69,107414787934.47,-83795607743.78
2025-05-27,GOTO.JK,29957756757.22,71514694122.12,-41556937364.89
2025-05-28,GOTO.JK,75420199525.41,165243862961.22,-89823663435.81
2025-06-02,GOTO.JK,21822656965.71,60984926005.95,-39162269040.23
2025-06-03,GOTO.JK,32705946986.58,34703745553.34,-1997798566.76
2025-06-04,GOTO.JK,30406888122.05,28315627192.92,2091260929.13
2025-06-05,GOTO.JK,14038236345.77,23691011195.29,-9652774849.52
2025-06-10,GOTO.JK,82223328949.58,7599809194.41,74623519755.16
2025-06-11,GOTO.JK,97192677902.2,41848288002.81,55344389899.39
2025-06-12,GOTO.JK,11380929228.21,17549141155.83,-6168211927.62
2025-06-13,GOTO.JK,11359579861.36,46219218197.97,-34859638336.61
2025-06-16,GOTO.JK,11990317783.59,14746695591.04,-2756377807.45
2025-06-17,GOTO.JK,14299314962.62,13409153918.33,890161044.28
2025-06-18,GOTO.JK,19194720965.69,33747823214.76,-14553102249.07
2025-06-19,GOTO.JK,16906210595.21,30795764387.95,-13889553792.74
2025-06-20,GOTO.JK,27815970581.17,71440090377.67,-43624119796.49
2025-06-23,GOTO.JK,11504285881.95,33024382244.62,-21520096362.67
2025-06-24,GOTO.JK,48550493409.52,57245375304.48,-8694881894.96
2025-06-25,GOTO.JK,28790803398.12,10638574643.03,18152228755.09
2025-06-26,GOTO.JK,22488500812.02,13159424488.1,9329076323.93
2025-06-30,GOTO.JK,13269596340.95,42167583881.01,-28897987540.06
2025-07-01,GOTO.JK,14367646894.45,8242346797.06,6125300097.39
2025-07-02,GOTO.JK,5993893458.1,18827546037.0,-12833652578.9
2025-07-03,GOTO.JK,12378258448.87,11486425317.27,891833131.6
2025-07-04,GOTO.JK,18226680987.57,5389512380.17,12837168607.39
2025-07-07,GOTO.JK,20684157625.96,13242529940.36,7441627685.6
2025-07-08,GOTO.JK,8792952210.71,10003296713.97,-1210344503.26
2025-07-09,GOTO.JK,12178771699.04,17715346363.94,-5536574664.9
2025-07-10,GOTO.JK,9352718805.29,5380456672.68,3972262132.61
2025-07-11,GOTO.JK,5397303563.58,8837913487.31,-3440609923.73
2025-07-14,GOTO.JK,13261520900.07,12850435458.39,411085441.68
2025-07-15,GOTO.JK,21276481281.88,22587473429.14,-1310992147.27
2025-07-16,GOTO.JK,7564901553.23,7979744551.97,-414842998.74
2025-07-17,GOTO.JK,27664312618.7,16903763846.18,10760548772.52
2025-07-18,GOTO.JK,44355017469.28,142277282873.43,-97922265404.15
2025-07-21,GOTO.JK,14646810288.27,21078755110.33,-6431944822.07
2025-07-22,GOTO.JK,12713499953.64,7799628033.06,4913871920.57
2025-07-23,GOTO.JK,23778905030.96,7808567460.26,15970337570.7
2025-07-24,GOTO.JK,28978066580.5,45899051064.37,-16920984483.87
2025-07-25,GOTO.JK,30482859675.95,54727962530.41,-24245102854.46
2025-07-28,GOTO.JK,19512614748.3,10032715663.76,9479899084.54
2025-07-29,GOTO.JK,4892759433.52,4472896399.66,419863033.86
2025-07-30,GOTO.JK,97934707748.06,12602326576.73,85332381171.33
2025-07-31,GOTO.JK,57188084395.78,30754075166.42,26434009229.36
2025-08-01,GOTO.JK,12201026211.31,14530112603.7,-2329086392.39
2025-08-04,GOTO.JK,9438245198.03,21045092439.45,-11606847241.42
2025-08-05,GOTO.JK,21594126231.13,10271270284.56,11322855946.57
2025-08-06,GOTO.JK,4424287766.85,4187117431.51,237170335.33
2025-08-07,GOTO.JK,10360712796.49,23355630775.02,-12994917978.53
2025-08-08,GOTO.JK,8559680921.08,13799338875.62,-5239657954.54
2025-08-11,GOTO.JK,9616625825.33,11038340069.1,-1421714243.77
2025-08-12,GOTO.JK,23188327896.89,5929579902.91,17258747993.98
2025-08-13,GOTO.JK,26928241508.67,49522271277.42,-22594029768.75
2025-08-14,GOTO.JK,12522501820.41,35760096282.43,-23237594462.02
2025-08-15,GOTO.JK,26273096202.28,20480104218.07,5792991984.21
2025-08-19,GOTO.JK,35526665241.81,59404647253.11,-23877982011.3
2025-08-20,GOTO.JK,19243144296.9,18680474006.91,562670289.99
2025-08-21,GOTO.JK,21057622251.39,23219769151.15,-2162146899.77
2025-08-22,GOTO.JK,20017101069.28,21213123778.15,-1196022708.87
2025-08-25,GOTO.JK,9816704224.54,15847514375.5,-6030810150.97
2025-08-26,GOTO.JK,36309034440.86,21693076421.23,14615958019.64
2025-08-27,GOTO.JK,6636679722.25,10824486545.22,-4187806822.96
2025-08-28,GOTO.JK,5358082858.23,8830633189.58,-3472550331.36
2025-08-29,GOTO.JK,16869469125.17,29644628196.45,-12775159071.29
2025-09-01,GOTO.JK,8652749299.87,7929192996.6,723556303.27
2025-09-02,GOTO.JK,9191709920.13,8021726465.37,1169983454.76
2025-09-03,GOTO.JK,13126201323.65,11529421426.4,1596779897.25
2025-09-04,GOTO.JK,21516915681.14,12176730637.74,9340185043.4
2025-09-08,GOTO.JK,4243772860.66,7115444377.75,-2871671517.09
2025-09-09,GOTO.JK,5423729748.28,13987128232.89,-8563398484.62
2025-09-10,GOTO.JK,6237450584.36,5319779505.35,917671079.01
2025-09-11,GOTO.JK,28071361986.19,15855800791.97,12215561194.22
2025-09-12,GOTO.JK,3830636157.96,4611967652.99,-781331495.03
2025-09-15,GOTO.JK,14698086647.88,13574295515.03,1123791132.84
2025-09-16,GOTO.JK,25652484056.37,28547416991.61,-2894932935.23
2025-09-17,GOTO.JK,15601868673.94,15684776316.83,-82907642.9
2025-09-18,GOTO.JK,21256822641.03,33007844867.4,-11751022226.37
2025-09-19,GOTO.JK,63864075126.71,109390391138.76,-45526316012.05
2025-09-22,GOTO.JK,16841172582.67,30116700273.58,-13275527690.92
2025-09-23,GOTO.JK,37554744069.56,37237596380.78,317147688.78
2025-09-24,GOTO.JK,3301993226.99,5107251876.74,-1805258649.75
2025-09-25,GOTO.JK,85780413168.88,27498246893.28,58282166275.6
2025-09-26,GOTO.JK,39162388480.39,13785320381.18,25377068099.22
2025-09-29,GOTO.JK,9673486359.21,17075042834.86,-7401556475.65
2025-09-30,GOTO.JK,9122894370.98,26877427166.33,-17754532795.35
2025-10-01,GOTO.JK,18703572718.55,10084537018.06,8619035700.49
2025-10-02,GOTO.JK,10253025155.92,19150763389.82,-8897738233.89
2025-10-03,GOTO.JK,67028696341.34,11742632047.93,55286064293.41
2025-10-06,GOTO.JK,41057525122.62,39831608388.74,1225916733.88
2025-10-07,GOTO.JK,8332178562.44,14891202483.21,-6559023920.78
2025-10-08,GOTO.JK,4874968764.71,5060199331.61,-185230566.91
2025-10-09,GOTO.JK,5778344707.42,10327990112.25,-4549645404.83
2025-10-10,GOTO.JK,7818429531.94,15143753172.57,-7325323640.63
2025-10-13,GOTO.JK,20165594452.53,11443278793.07,8722315659.45
2025-10-14,GOTO.JK,40683151948.4,37617595286.66,3065556661.73
2025-10-15,GOTO.JK,8879864389.39,13584400244.77,-4704535855.38
2025-10-16,GOTO.JK,7101995731.02,4160218739.7,2941776991.32
2025-10-17,GOTO.JK,16748528462.81,16828631956.76,-80103493.94
2025-10-20,GOTO.JK,19849162684.26,20165749172.86,-316586488.61
2025-10-21,GOTO.JK,24753741628.56,14123730175.19,10630011453.36
2025-10-22,GOTO.JK,5175750364.8,12941271444.62,-7765521079.82
2025-10-23,GOTO.JK,5184935390.86,1448473500.15,3736461890.72
2025-10-24,GOTO.JK,6766080043.4,11396352060.8,-4630272017.4
2025-10-27,GOTO.JK,24121201182.31,27933802531.78,-3812601349.47
2025-10-28,GOTO.JK,11379565638.24,11716151450.66,-336585812.42
2025-10-29,GOTO.JK,6703672257.93,4487200093.96,2216472163.98
2025-10-30,GOTO.JK,110578116428.33,18163550136.05,92414566292.28
2025-10-31,GOTO.JK,32398195672.42,32080989104.99,317206567.42
2025-11-03,GOTO.JK,4332181160.1,8171474536.92,-3839293376.83
2025-11-04,GOTO.JK,12985556107.07,32316177622.56,-19330621515.48
2025-11-05,GOTO.JK,145227763012.46,7339100150.26,137888662862.2
2025-11-06,GOTO.JK,24503426464.3,39477486934.62,-14974060470.32
2025-11-07,GOTO.JK,24372801458.39,22586085932.38,1786715526.0
2025-11-10,GOTO.JK,339553460704.99,20573859753.81,318979600951.19
2025-11-11,GOTO.JK,70178413219.66,75081217848.86,-4902804629.2
2025-11-12,GOTO.JK,37339294149.63,88543767242.28,-51204473092.65
2025-11-13,GOTO.JK,34622079632.57,57446330280.57,-22824250648.01
2025-11-14,GOTO.JK,18819968778.35,10706882996.32,8113085782.03
2025-11-17,GOTO.JK,5708755829.72,25436617145.71,-19727861315.99
2025-11-18,GOTO.JK,27556439521.72,40183881138.06,-12627441616.34
2025-11-19,GOTO.JK,17607705610.42,31451846605.31,-13844140994.88
2025-11-20,GOTO.JK,22081561153.16,25095455088.41,-3013893935.25
2025-11-21,GOTO.JK,34536177460.86,4591057692.08,29945119768.78
2025-11-24,GOTO.JK,100431572484.89,66665198416.44,33766374068.44
2025-11-25,GOTO.JK,17564113037.18,15024722211.68,2539390825.5
2025-11-26,GOTO.JK,20173661353.58,22383073637.24,-2209412283.66
2025-11-27,GOTO.JK,21304388077.17,23574198629.46,-2269810552.29
2025-11-28,GOTO.JK,11472643242.06,19058328871.6,-7585685629.54
2025-12-01,GOTO.JK,72575945571.03,19357107125.89,53218838445.14
2025-12-02,GOTO.JK,24714158949.79,58038871866.83,-33324712917.04
2025-12-03,GOTO.JK,16546794186.77,23818853706.64,-7272059519.87
2025-12-04,GOTO.JK,16177102880.25,17044261801.24,-867158920.99
2025-12-05,GOTO.JK,7063822628.19,7332316828.61,-268494200.41
2025-12-08,GOTO.JK,232733851970.48,15230701583.4,217503150387.08
2025-12-09,GOTO.JK,100025201965.65,74246911325.21,25778290640.44
2025-12-10,GOTO.JK,20715540131.9,34721476401.3,-14005936269.4
2025-12-11,GOTO.JK,24682513287.85,61758929079.5,-37076415791.65
2025-12-12,GOTO.JK,26400030527.73,56621067205.25,-30221036677.52
2025-12-15,GOTO.JK,22864768365.72,39242806088.75,-16378037723.03
2025-12-16,GOTO.JK,152142814395.2,35240626627.41,116902187767.78
2025-12-17,GOTO.JK,11624870130.3,35443409288.22,-23818539157.91
2025-12-18,GOTO.JK,9044328923.31,13358473760.64,-4314144837.33
2025-12-19,GOTO.JK,27450334032.56,23595761875.98,3854572156.57
2025-12-22,GOTO.JK,7941641798.77,10775631024.47,-2833989225.7
2025-12-23,GOTO.JK,25337169430.48,25714467897.94,-377298467.46
2025-12-24,GOTO.JK,8971271948.83,6366237879.54,2605034069.29
2025-12-29,GOTO.JK,19211449311.21,25190566113.77,-5979116802.56
2025-12-30,GOTO.JK,29011497038.1,31152944984.91,-2141447946.81
2026-01-02,GOTO.JK,132496607635.53,9879080234.04,122617527401.49
2026-01-05,GOTO.JK,40324255975.08,81318507189.07,-40994251213.99
2026-01-06,GOTO.JK,24937598893.06,25949250544.3,-1011651651.24
2026-01-07,GOTO.JK,15931621756.34,21929865803.0,-5998244046.66
2026-01-08,GOTO.JK,11894801751.72,18096303274.48,-6201501522.75
2026-01-09,GOTO.JK,31042527245.39,28548733125.92,2493794119.47
2026-01-12,GOTO.JK,37374420561.44,37663799145.36,-289378583.91
2026-01-13,GOTO.JK,39275457828.82,27013484731.11,12261973097.71
2026-01-14,GOTO.JK,318597706193.37,171898749459.45,146698956733.93
2026-01-15,GOTO.JK,56527385579.92,85057390276.89,-28530004696.97
2026-01-19,GOTO.JK,19115736373.81,42667036864.67,-23551300490.85
2026-01-20,GOTO.JK,53408038810.76,59790554251.69,-6382515440.93
2026-01-21,GOTO.JK,42534452034.6,126601525344.79,-84067073310.19
2026-01-22,GOTO.JK,31521673086.4,84265299199.33,-52743626112.93
2026-01-23,GOTO.JK,35498882601.8,86528385458.95,-51029502857.15
2026-01-26,GOTO.JK,54386753365.73,55530813801.17,-1144060435.44
2026-01-27,GOTO.JK,273637240421.4,35695189347.0,237942051074.4
2026-01-28,GOTO.JK,22792095341.51,208349543953.02,-185557448611.51
2026-01-29,GOTO.JK,111270448234.48,29121049638.53,82149398595.95
2026-01-30,GOTO.JK,39964832081.36,23157531967.18,16807300114.18
2026-02-02,GOTO.JK,19752564721.24,83165180245.56,-63412615524.32
2026-02-03,GOTO.JK,14971523077.51,8277552525.15,6693970552.36
2026-02-04,GOTO.JK,14368527031.28,13859750782.96,508776248.32
2026-02-05,GOTO.JK,15125585874.52,41771592410.51,-26646006535.99
2026-02-06,GOTO.JK,30970881985.0,29490131826.33,1480750158.67
2026-02-09,GOTO.JK,16729434023.05,18202683764.65,-1473249741.59
2026-02-10,GOTO.JK,22136776875.73,36846002760.13,-14709225884.41
2026-02-11,GOTO.JK,17928495054.62,10339804038.27,7588691016.35
2026-02-12,GOTO.JK,11343988589.46,11596280664.09,-252292074.63
2026-02-13,GOTO.JK,38277063492.01,53753958757.99,-15476895265.98
2026-02-18,GOTO.JK,35199955311.7,25708107800.43,9491847511.28
2026-02-19,GOTO.JK,8927605188.76,4905353119.16,4022252069.6
2026-02-20,GOTO.JK,43596826595.46,38969881742.85,4626944852.6
2026-02-23,GOTO.JK,81998095885.51,52643632071.23,29354463814.28
2026-02-24,GOTO.JK,19114489837.4,31592667819.22,-12478177981.82
2026-02-25,GOTO.JK,11146656899.83,19199954036.83,-8053297137.01
2026-02-26,GOTO.JK,28422697155.89,27835915059.49,586782096.4
2026-02-27,GOTO.JK,68354217480.68,48472856691.21,19881360789.47
2026-03-02,GOTO.JK,21466352830.61,67001373737.67,-45535020907.06
2026-03-03,GOTO.JK,15565215286.53,25187408100.9,-9622192814.37
2026-03-04,GOTO.JK,25586713391.49,47501911164.8,-21915197773.31
2026-03-05,GOTO.JK,7946491935.03,6997350022.84,949141912.19
2026-03-06,GOTO.JK,18158277015.81,29854879555.16,-11696602539.35
2026-03-09,GOTO.JK,40350214623.34,64570455856.72,-24220241233.38
2026-03-10,GOTO.JK,20301175482.69,23420082641.65,-3118907158.96
2026-03-11,GOTO.JK,30443943201.82,10716143412.75,19727799789.07
2026-03-12,GOTO.JK,13668143365.1,21169324062.58,-7501180697.48
2026-03-13,GOTO.JK,12767242311.27,22184333829.58,-9417091518.31
2026-03-16,GOTO.JK,6912858921.83,42682838050.09,-35769979128.26
2026-03-17,GOTO.JK,29588389458.83,46037021515.21,-16448632056.38
2026-03-25,GOTO.JK,109038237169.84,34890512869.57,74147724300.27
2026-03-26,GOTO.JK,28346796128.8,54146933084.48,-25800136955.68
2026-03-27,GOTO.JK,5109708262.12,9185064060.38,-4075355798.26
2026-03-30,GOTO.JK,38072761410.2,24598912568.81,13473848841.39
2026-03-31,GOTO.JK,3713983452.3,6704164541.89,-2990181089.59
2026-04-01,GOTO.JK,44080010182.79,11456515543.22,32623494639.57
2026-04-02,GOTO.JK,6965820963.44,8052947920.62,-1087126957.17
2026-04-06,GOTO.JK,17181375060.82,31964879631.98,-14783504571.16
2026-04-07,GOTO.JK,4552678139.03,8345450914.96,-3792772775.93
2026-04-08,GOTO.JK,35281608169.01,16685175056.23,18596433112.78
2026-04-09,GOTO.JK,8730875008.94,8604385845.48,126489163.46
2026-04-10,GOTO.JK,12501019532.87,15696990207.52,-3195970674.65
2026-04-13,GOTO.JK,23375733843.14,25451379559.97,-2075645716.83
2026-04-14,GOTO.JK,15445633214.18,16593126698.87,-1147493484.69
2026-04-15,GOTO.JK,8629134996.96,7508610917.03,1120524079.93
2026-04-16,GOTO.JK,14429741196.92,14852558869.99,-422817673.07
2026-04-17,GOTO.JK,10151896195.2,8841281066.44,1310615128.76
2026-04-20,GOTO.JK,59163009774.29,33240919869.23,25922089905.06
2026-04-21,GOTO.JK,67741408972.11,13139000383.94,54602408588.17
2026-04-22,GOTO.JK,29570577845.05,31000390732.19,-1429812887.15
2026-04-23,GOTO.JK,12555475991.78,34567547019.91,-22012071028.14
2026-04-24,GOTO.JK,15974834480.42,44638190810.09,-28663356329.67
2026-04-27,GOTO.JK,36383264931.36,20096349539.06,16286915392.29
2026-04-28,GOTO.JK,11368287510.0,12443292153.31,-1075004643.31
2026-04-29,GOTO.JK,101027271523.36,28219353748.66,72807917774.7
2026-04-30,GOTO.JK,52423192740.37,117233690100.84,-64810497360.46
2026-05-04,GOTO.JK,78912224535.76,355762784172.25,-276850559636.49
2026-05-05,GOTO.JK,20611300739.22,41925067107.22,-21313766367.99
2026-05-06,GOTO.JK,27449704437.95,31866266702.37,-4416562264.42
2026-05-07,GOTO.JK,27282004577.87,31869478338.2,-4587473760.33
2026-05-08,GOTO.JK,46426579577.3,48827713407.85,-2401133830.55
2026-05-11,GOTO.JK,15014869298.7,13368136518.81,1646732779.9
2026-05-12,GOTO.JK,16167332790.18,15048781549.84,1118551240.35
2026-05-13,GOTO.JK,6827959879.05,6589226131.4,238733747.65
2026-05-14,GOTO.JK,0.0,0.0,0.0
2026-05-15,GOTO.JK,0.0,0.0,0.0
2026-05-18,GOTO.JK,8744417720.86,9030906498.44,-286488777.58
2026-05-19,GOTO.JK,1083349147.61,1072713744.39,10635403.22
2026-05-20,GOTO.JK,3243311024.53,3039084213.77,204226810.77
2026-05-21,GOTO.JK,944183952.64,992764580.72,-48580628.08
2026-05-22,GOTO.JK,1988908793.99,2040838327.68,-51929533.69
2026-05-25,GOTO.JK,1751173587.45,1762087341.08,-10913753.64
2026-05-26,GOTO.JK,1168396852.75,1196700505.09,-28303652.35
2026-05-27,GOTO.JK,0.0,0.0,0.0
2026-05-28,GOTO.JK,0.0,0.0,0.0
2026-05-29,GOTO.JK,13343345656.14,15010625542.06,-1667279885.91
