Date,ticker,rank,rank_change,close,rs_20d,rs_change_20d,ma20,ma50,ma100,drawdown_from_entry,exit_state,triggered_rules
2026-10-08,BBNI.JK,4,0,3410.0,-1.79,-2.81,3559.0,3645.4,3580.8,-4.21,EXIT,"B, C, D"
2026-10-08,BBRI.JK,6,0,3030.0,-0.27,-1.21,3197.5,3189.8,3045.3,10.58,EXIT,"B, C, D"
2026-10-08,EXCL.JK,10,0,2340.0,-4.86,-11.77,2430.5,2569.8,2579.9,-11.7,EXIT,"B, C, D"
2026-10-08,CPIN.JK,11,0,2930.0,-2.2,-2.88,3027.5,3084.2,3246.17,-13.31,EXIT,"A, B, C, D"
2026-10-08,TLKM.JK,19,0,2260.0,-5.6,-2.02,2435.0,2552.6,2578.83,0.0,EXIT,"A, B, C, D"
2026-10-08,GOTO.JK,24,0,30.0,-31.53,-26.4,42.0,46.8,48.4,0.0,EXIT,"A, B, C, D"
2026-10-08,BKSL.JK,99,0,55.0,-15.14,-8.64,62.55,69.38,68.08,0.0,EXIT,"A, B, C, D"
2026-10-08,BRMS.JK,99,0,575.0,-8.2,-18.07,651.25,656.7,611.1,0.0,EXIT,"A, B, C, D"
2026-10-08,BSDE.JK,99,0,540.0,-6.49,-9.91,579.5,603.2,598.8,0.0,EXIT,"A, B, C, D"
2026-10-08,CBDK.JK,99,0,3450.0,-3.74,-6.58,3562.0,3723.2,3663.55,0.0,EXIT,"A, B, C, D"
2026-10-08,CTRA.JK,99,0,540.0,-4.43,-0.94,564.5,595.4,576.5,0.0,EXIT,"A, B, C, D"
2026-10-08,ELSA.JK,99,0,635.0,-4.54,-2.96,674.75,695.0,644.96,0.0,EXIT,"A, B, C, D"
2026-10-08,EMTK.JK,99,0,380.0,-15.53,-9.41,434.5,485.6,520.8,0.0,EXIT,"A, B, C, D"
2026-10-08,ENRG.JK,99,0,1000.0,-23.04,-72.13,1198.27,1247.06,1276.48,0.0,EXIT,"A, B, C, D"
2026-10-08,JPFA.JK,99,0,2000.0,-5.32,-2.85,2151.25,2207.1,2158.3,0.0,EXIT,"A, B, C, D"
2026-10-08,JSMR.JK,99,0,2620.0,-3.91,-7.9,2734.0,2792.0,2777.97,0.0,EXIT,"A, B, C, D"
2026-10-08,KPIG.JK,99,0,42.0,-42.12,-51.86,56.35,65.56,74.98,0.0,EXIT,"A, B, C, D"
2026-10-08,MAPA.JK,99,0,625.0,-1.6,-5.07,653.5,665.5,631.96,0.0,EXIT,"A, B, C, D"
2026-10-08,PANI.JK,99,0,4630.0,-11.01,-0.92,4959.0,5616.6,6077.57,0.0,EXIT,"A, B, C, D"
2026-10-08,SMRA.JK,99,0,236.0,-20.45,-16.54,263.9,301.04,295.64,0.0,EXIT,"A, B, C, D"
2026-10-08,WIFI.JK,99,0,1400.0,-23.24,-26.86,1727.0,1907.4,1853.38,0.0,EXIT,"A, B, C, D"
2026-10-08,ADRO.JK,1,0,2550.0,3.97,3.57,2574.5,2588.0,2463.7,13.84,EXIT RISK,C
2026-10-08,BMRI.JK,2,0,4000.0,1.42,0.73,4145.51,4163.91,4123.04,4.17,EXIT RISK,C
2026-10-08,ESSA.JK,5,0,580.0,-6.24,1.05,597.25,631.7,611.12,-0.85,EXIT RISK,C
2026-10-08,INDF.JK,7,0,6900.0,2.67,8.47,6950.0,7158.5,6823.5,7.39,EXIT RISK,C
2026-10-08,PGAS.JK,8,0,1440.0,3.52,6.63,1453.5,1491.6,1514.65,-5.26,EXIT RISK,C
2026-10-08,ASII.JK,9,0,4800.0,7.03,11.95,4771.0,4845.8,4887.1,1.27,EXIT RISK,C
2026-10-08,INTP.JK,13,0,4950.0,3.21,10.21,5082.75,5249.0,4799.76,0.0,EXIT RISK,"A, C"
2026-10-08,ITMG.JK,14,0,25325.0,5.5,5.17,25676.25,25488.0,24205.75,0.0,EXIT RISK,"A, C"
2026-10-08,MDKA.JK,18,0,2890.0,2.91,3.25,2918.0,2913.0,2773.65,0.0,EXIT RISK,"A, C"
2026-10-08,ICBP.JK,20,0,6775.0,2.89,13.3,6826.25,7203.5,6871.79,0.0,EXIT RISK,"A, C"
2026-10-08,SIDO.JK,21,0,352.0,9.04,14.74,350.6,352.4,366.24,0.0,EXIT RISK,"A, C"
2026-10-08,BRPT.JK,22,0,1390.0,-11.18,5.23,1529.75,1711.5,1677.38,0.0,EXIT RISK,"A, C"
2026-10-08,BBCA.JK,23,0,6000.0,1.85,4.6,6213.75,6341.66,6158.5,0.0,EXIT RISK,"A, C"
2026-10-08,MIKA.JK,26,0,1745.0,4.61,8.91,1735.75,1794.8,1718.88,0.0,EXIT RISK,"A, C"
2026-10-08,TPIA.JK,27,0,1670.0,-5.0,6.89,1787.25,1933.2,1949.47,0.0,EXIT RISK,"A, C"
2026-10-08,SMGR.JK,28,0,1570.0,-0.78,-7.62,1561.75,1577.2,1568.31,0.0,EXIT RISK,"A, B, C"
2026-10-08,AMMN.JK,29,0,4240.0,-3.38,-11.43,4652.0,4478.2,4001.5,0.0,EXIT RISK,"A, B, C"
2026-10-08,HEAL.JK,30,0,600.0,-2.64,14.82,635.0,685.2,783.2,0.0,EXIT RISK,"A, C"
2026-10-08,ACES.JK,99,0,328.0,1.65,9.0,339.9,349.8,340.56,0.0,EXIT RISK,"A, C"
2026-10-08,ADMR.JK,99,0,1500.0,-0.35,0.01,1523.5,1585.9,1533.75,0.0,EXIT RISK,"A, C"
2026-10-08,AMRT.JK,99,0,1250.0,4.62,16.56,1289.75,1329.5,1338.77,0.0,EXIT RISK,"A, C"
2026-10-08,ARTO.JK,99,0,785.0,-13.42,10.0,860.5,1017.4,1052.0,0.0,EXIT RISK,"A, C"
2026-10-08,BBTN.JK,99,0,1055.0,-4.34,0.79,1118.0,1180.1,1197.55,0.0,EXIT RISK,"A, C"
2026-10-08,BUKA.JK,99,0,100.0,0.21,12.97,104.35,110.26,110.38,0.0,EXIT RISK,"A, C"
2026-10-08,BUMI.JK,99,0,174.0,-9.46,-18.92,187.7,189.58,172.51,0.0,EXIT RISK,"A, B, C"
2026-10-08,CMRY.JK,99,0,4430.0,8.02,13.72,4435.0,4519.97,4460.07,0.0,EXIT RISK,"A, C"
2026-10-08,CUAN.JK,99,0,765.0,-13.87,-45.54,897.25,843.0,743.61,0.0,EXIT RISK,"A, B, C"
2026-10-08,DEWA.JK,99,0,358.0,-7.49,1.26,364.2,416.84,381.26,0.0,EXIT RISK,"A, C"
2026-10-08,DSNG.JK,99,0,1500.0,-1.44,-26.39,1578.0,1511.2,1339.5,0.0,EXIT RISK,"A, B, C"
2026-10-08,GGRM.JK,99,0,16975.0,-4.48,1.03,17470.0,19071.5,17475.36,0.0,EXIT RISK,"A, C"
2026-10-08,HRTA.JK,99,0,2080.0,2.16,0.56,2185.0,2174.7,2091.72,0.0,EXIT RISK,"A, C"
2026-10-08,HRUM.JK,99,0,830.0,-1.8,-8.12,870.5,881.8,826.8,0.0,EXIT RISK,"A, B, C"
2026-10-08,INCO.JK,99,0,4260.0,-3.15,10.61,4525.0,4906.7,4815.67,0.0,EXIT RISK,"A, C"
2026-10-08,INDY.JK,99,0,2630.0,-0.21,-9.82,2691.5,2680.2,2443.09,0.0,EXIT RISK,"A, B, C"
2026-10-08,INKP.JK,99,0,8200.0,-1.42,-4.3,8371.25,8558.5,8009.92,0.0,EXIT RISK,"A, B, C"
2026-10-08,ISAT.JK,99,0,2140.0,-2.36,5.2,2315.0,2339.0,2126.15,0.0,EXIT RISK,"A, C"
2026-10-08,KIJA.JK,99,0,155.0,-9.95,-56.82,171.8,170.48,147.57,0.0,EXIT RISK,"A, B, C"
2026-10-08,MBMA.JK,99,0,474.0,-2.1,3.03,500.2,520.58,507.43,0.0,EXIT RISK,"A, C"
2026-10-08,MYOR.JK,99,0,1375.0,-1.66,11.58,1443.25,1554.0,1654.19,0.0,EXIT RISK,"A, C"
2026-10-08,PGEO.JK,99,0,995.0,6.5,15.42,1020.5,1035.0,977.2,0.0,EXIT RISK,"A, C"
2026-10-08,PNLF.JK,99,0,194.0,-4.92,2.81,204.85,219.58,220.9,0.0,EXIT RISK,"A, C"
2026-10-08,PTRO.JK,99,0,4750.0,-4.37,1.66,5233.75,5172.6,4629.9,0.0,EXIT RISK,"A, C"
2026-10-08,PWON.JK,99,0,266.0,6.26,5.14,265.3,266.28,262.12,0.0,EXIT RISK,"A, C"
2026-10-08,RAJA.JK,99,0,665.0,-9.94,4.13,705.5,788.0,779.81,0.0,EXIT RISK,"A, C"
2026-10-08,RATU.JK,99,0,4030.0,-3.92,7.14,4189.5,4459.1,4645.96,0.0,EXIT RISK,"A, C"
2026-10-08,SCMA.JK,99,0,179.0,-2.92,1.21,181.0,195.02,200.23,0.0,EXIT RISK,"A, C"
2026-10-08,SSIA.JK,99,0,1690.0,5.04,7.83,1697.75,1734.9,1662.45,0.0,EXIT RISK,"A, C"
2026-10-08,TAPG.JK,99,0,1990.0,-3.09,-28.77,2069.25,2008.3,1732.72,0.0,EXIT RISK,"A, B, C"
2026-10-08,UNVR.JK,99,0,1580.0,3.94,15.03,1617.0,1699.5,1680.47,0.0,EXIT RISK,"A, C"
2026-10-08,MAPI.JK,12,0,1550.0,21.61,36.01,1483.0,1505.0,1500.54,4.38,EXIT WATCH,A
2026-10-08,ANTM.JK,15,0,3150.0,4.8,4.1,3215.5,3138.8,2979.98,14.55,EXIT WATCH,A
2026-10-08,AKRA.JK,16,0,1450.0,3.86,0.03,1474.0,1441.31,1350.88,18.85,EXIT WATCH,A
2026-10-08,UNTR.JK,17,0,24350.0,2.34,-5.72,24995.21,24325.64,23869.7,0.0,EXIT WATCH,A
2026-10-08,KLBF.JK,25,0,775.0,11.12,21.87,745.75,766.9,753.56,0.0,EXIT WATCH,A
2026-10-08,AADI.JK,99,0,11725.0,3.99,-23.95,11706.25,10718.0,9422.58,0.0,EXIT WATCH,A
2026-10-08,ERAA.JK,99,0,605.0,11.01,-13.25,607.0,535.32,441.53,0.0,EXIT WATCH,A
2026-10-08,MEDC.JK,99,0,1445.0,0.51,-12.41,1472.0,1420.7,1311.29,0.0,EXIT WATCH,A
2026-10-08,TOWR.JK,99,0,434.0,3.23,-9.08,417.8,424.28,400.88,0.0,EXIT WATCH,A
2026-10-08,PTBA.JK,3,0,3320.0,15.57,-11.22,3136.0,2776.4,2618.43,28.19,HEALTHY,NONE
