rank,ticker,drawdown_252d,distance_from_high_252d,volatility_60d,rs_change_60d,volume_ratio,recovery_from_60d_low,context_match,transition_match
1,INDY.JK,-35.32,-35.32,4.06,52.13,0.68,22.42,True,True
2,MDKA.JK,-25.53,-25.53,2.74,12.24,0.28,11.88,True,True
3,HRTA.JK,-32.33,-32.33,2.99,32.12,0.49,17.17,True,True
4,AMMN.JK,-44.42,-44.42,3.02,33.16,0.59,23.77,True,True
5,BRMS.JK,-53.82,-53.82,3.55,32.98,0.34,11.01,True,True
6,KIJA.JK,-54.8,-54.8,7.09,38.89,0.51,30.08,True,True
7,PTRO.JK,-60.08,-60.08,3.2,48.0,0.7,29.72,True,True
8,BUMI.JK,-61.21,-61.21,3.41,42.03,0.52,21.62,True,True
9,CUAN.JK,-69.68,-69.68,4.37,69.26,0.66,34.4,True,True
10,MBMA.JK,-46.74,-46.74,3.39,9.65,0.6,2.55,True,True
11,SMGR.JK,-50.96,-50.96,3.28,27.76,0.49,7.29,True,True
12,DEWA.JK,-55.86,-55.86,3.83,21.64,0.68,7.19,True,True
13,BKSL.JK,-68.85,-68.85,3.39,16.1,0.7,3.64,True,True
14,TPIA.JK,-78.62,-78.62,2.94,41.99,0.59,1.47,True,True
15,SSIA.JK,-25.08,-25.08,3.33,-7.19,0.59,11.04,True,False
16,ENRG.JK,-51.82,-51.82,7.17,-21.01,1.4,12.42,True,False
17,ESSA.JK,-33.48,-33.48,2.82,-2.07,0.32,2.63,True,False
18,GOTO.JK,-57.75,-57.75,3.74,-55.33,0.6,7.14,True,False
19,ARTO.JK,-66.31,-66.31,3.4,-37.73,0.37,5.3,True,False
20,WIFI.JK,-67.02,-67.02,3.28,-3.04,0.96,0.0,True,False
21,KPIG.JK,-85.31,-85.31,6.3,-26.02,0.21,0.0,True,False
22,ERAA.JK,-1.6,-1.6,3.09,62.62,1.52,70.83,False,True
23,PTBA.JK,-0.59,-0.59,1.97,32.24,0.81,45.69,False,True
24,AADI.JK,-2.81,-2.81,2.43,43.0,0.47,43.62,False,True
25,AKRA.JK,-3.23,-3.23,1.99,5.54,0.4,15.9,False,True
26,ANTM.JK,-27.18,-27.18,2.07,14.25,0.34,13.73,False,True
27,TOWR.JK,-28.29,-28.29,2.47,22.28,0.8,16.4,False,True
28,BBRI.JK,-15.79,-15.79,1.6,5.54,0.55,10.95,False,True
29,TAPG.JK,-17.96,-17.96,2.98,25.42,0.32,33.77,False,True
30,ISAT.JK,-18.98,-18.98,3.51,5.91,0.41,17.77,False,True
31,DSNG.JK,-19.04,-19.04,3.08,36.03,0.46,25.21,False,True
32,MEDC.JK,-24.84,-24.84,2.72,22.54,0.5,18.7,False,True
33,PWON.JK,-26.56,-26.56,1.77,6.27,0.93,7.14,False,True
34,INKP.JK,-30.29,-30.29,1.93,16.96,0.26,11.45,False,True
35,KLBF.JK,-41.63,-41.63,2.29,7.26,0.65,8.63,False,True
36,BUKA.JK,-44.44,-44.44,2.5,20.84,1.43,0.0,False,True
37,JPFA.JK,-26.33,-26.33,1.86,1.76,0.51,2.26,False,True
38,ADMR.JK,-32.63,-32.63,2.54,1.65,0.4,3.82,False,True
39,MIKA.JK,-34.54,-34.54,1.92,0.38,0.07,1.8,False,True
40,HRUM.JK,-35.25,-35.25,2.46,16.52,0.42,8.33,False,True
41,CPIN.JK,-41.32,-41.32,2.07,0.53,0.22,1.74,False,True
42,BSDE.JK,-48.57,-48.57,2.02,8.74,0.68,0.93,False,True
43,CBDK.JK,-62.92,-62.92,2.59,16.72,0.27,5.76,False,True
44,EMTK.JK,-72.84,-72.84,2.33,2.93,0.46,4.19,False,True
45,MAPI.JK,-18.21,-18.21,4.03,-37.98,1.72,16.98,False,False
46,UNTR.JK,-17.86,-17.86,1.85,-15.93,0.76,11.71,False,False
47,ADRO.JK,-8.45,-8.45,2.0,-15.09,0.66,7.88,False,False
48,ITMG.JK,-10.3,-10.3,1.22,-4.26,0.93,8.81,False,False
49,CMRY.JK,-25.96,-25.96,1.63,-24.59,0.62,3.23,False,False
50,ASII.JK,-32.14,-32.14,1.64,-3.91,0.46,5.99,False,False
51,SIDO.JK,-35.47,-35.47,0.93,-3.79,0.69,2.31,False,False
52,INDF.JK,-7.33,-7.33,1.24,-17.99,0.59,4.51,False,False
53,BMRI.JK,-15.68,-15.68,1.51,-16.7,0.42,2.24,False,False
54,MAPA.JK,-18.97,-18.97,2.5,-4.72,1.25,9.4,False,False
55,BBNI.JK,-19.28,-19.28,1.46,-13.83,0.46,1.47,False,False
56,GGRM.JK,-22.09,-22.09,2.36,-39.03,0.24,2.11,False,False
57,ACES.JK,-22.81,-22.81,1.25,-33.74,1.05,0.62,False,False
58,ICBP.JK,-25.06,-25.06,1.65,-12.59,0.22,2.65,False,False
59,BBCA.JK,-26.65,-26.65,1.42,-16.65,1.24,0.83,False,False
60,INTP.JK,-26.72,-26.72,1.93,-3.66,0.71,9.01,False,False
61,PGEO.JK,-27.3,-27.3,2.21,-22.82,0.6,7.45,False,False
62,BBTN.JK,-28.52,-28.52,1.52,-20.39,0.5,0.95,False,False
63,ELSA.JK,-31.03,-31.03,2.37,-22.38,0.27,3.23,False,False
64,JSMR.JK,-32.14,-32.14,1.4,-9.6,1.19,3.15,False,False
65,TLKM.JK,-36.59,-36.59,1.77,-17.69,1.18,2.67,False,False
66,PGAS.JK,-37.47,-37.47,1.25,-8.25,0.41,3.27,False,False
67,CTRA.JK,-38.11,-38.11,1.9,-0.5,0.27,2.83,False,False
68,UNVR.JK,-38.38,-38.38,1.45,-20.93,0.53,0.95,False,False
69,PNLF.JK,-41.32,-41.32,1.38,-18.09,0.31,2.62,False,False
70,SMRA.JK,-41.73,-41.73,2.67,-26.65,0.29,0.85,False,False
71,MYOR.JK,-42.97,-42.97,1.39,-34.62,1.0,0.0,False,False
72,AMRT.JK,-43.86,-43.86,2.17,-26.03,0.52,0.0,False,False
73,INCO.JK,-45.14,-45.14,2.7,-6.8,0.59,3.15,False,False
74,EXCL.JK,-47.88,-47.88,2.39,-2.57,0.96,1.3,False,False
75,SCMA.JK,-57.77,-57.77,2.16,-7.5,0.32,7.19,False,False
76,RAJA.JK,-57.91,-57.91,2.58,-44.09,0.54,5.47,False,False
77,HEAL.JK,-62.04,-62.04,2.52,-28.12,0.65,1.69,False,False
78,RATU.JK,-65.7,-65.7,2.63,-20.16,0.44,3.52,False,False
79,BRPT.JK,-66.55,-66.55,2.55,-9.09,0.86,1.78,False,False
80,PANI.JK,-69.41,-69.41,2.4,-8.47,0.41,9.3,False,False
